model_name,brand,processor_name,ram,ssd,OperatingSystem,screen_size,no_of_cores
Lenovo V15 ITL G2 82KBA033IH Laptop,Lenovo,11th Gen Core i3,8,512,Windows,15.6,2
HP Pavilion 15-ec2004AX Gaming Laptop,HP,AMD Ryzen 5 5600H,8,512,Windows,15.6,6
Lenovo V15 82KBA03HIH Laptop,Lenovo,11th Gen Core i3,8,256,Windows,15.6,2
Asus Vivobook 16X 2022 M1603QA-MB502WS Laptop,Asus,Ryzen 5-5600H,8,512,Windows,16,6
HP 15s-fr4000TU Laptop,HP,11th Gen Core i5,8,512,Windows,15.6,4
Lenovo IdeaPad Gaming 3 82K101ECIN Laptop,Lenovo,11th Gen Core i5,8,256,Windows,15.6,4
Infinix Zero Book Ultra Laptop,Infinix,12th Gen Core i9,16,512,Windows,15.6,14
HP 15s-eq1559AU Laptop,HP,AMD Athlon Silver 3050U,8,512,Windows,15.6,2
Dell Inspiron 3520 Laptop,Dell,12th Gen Core i3,8,512,Windows,15.6,6
Dell Inspiron 3511 Laptop,Dell,11th Gen Core i3,8,512,Windows,15.56,2
Asus Vivobook Pro 15 OLED M6500QH-HN701WS Laptop,Asus,Ryzen 7 5800H,16,512,Windows,15.6,8
Apple MacBook Air 2020 MGND3HN Laptop,Apple,Apple M1,8,256,Mac,13.3,8
HP 15s-fq5007TU Laptop,HP,12th Gen Core i3,8,512,Windows,15.6,6
HP 15s-fq5111TU Laptop,HP,12th Gen Core i5,8,512,Windows,15.6,10
Dell Inspiron 3520 D560871WIN9B Laptop,Dell,12th Gen Core i5,8,512,Windows,15.6,10
Asus TUF Gaming A15 FA506IHRZ-HN111W Laptop,Asus,AMD Ryzen 5 4600H,8,512,Windows,15.6,6
HP 15s-er1501AU Laptop,HP,AMD Ryzen 3 3250U,8,256,Windows,15.6,2
HP Victus 15-fb0040AX Gaming Laptop,HP,AMD Ryzen 5 5600H,8,512,Windows,15.6,6
Realme Book Slim Laptop,Realme,11th Gen Core i5,8,512,Windows,14,4
Asus Vivobook 16X 2022 M1603QA-MB511WS Laptop,Asus,Ryzen 5-5600H,16,512,Windows,16,6
Apple MacBook Air 2022 Laptop,Apple,Apple M2,8,256,Mac,13.6,8
Asus VivoBook 14 X415JA-BV301WS Laptop,Asus,10th Gen Core i3,8,0,Windows,14,2
HP 15s-fq2717TU Laptop,HP,11th Gen Core i3,8,512,Windows,15.6,2
Lenovo V15 ‎82C70005UK Laptop,Lenovo,AMD Ryzen 5 5500U,8,512,Windows,15.6,6
Lenovo V15 82KDA00XIH Laptop,Lenovo,AMD Ryzen 5 5500U,8,512,Windows,15.6,6
Lenovo E41-55 82FJ00AGIH Laptop,Lenovo,Athlon Gold 3150U,4,256,Windows,14,2
Asus VivoBook 15 X1500EA-EJ322WS Laptop,Asus,11th Gen Core i3,8,512,Windows,15.6,2
HP Victus 15-fa0165TX Laptop,HP,12th Gen Core i5,8,512,Windows,15.6,8
HP 15s-FR2511TU Laptop,HP,11th Gen Core i3,8,512,Windows,15.6,2
Asus TUF Gaming A17 FA706IHRB-HX041W Gaming Laptop,Asus,AMD Ryzen 5 4600H,8,512,Windows,17.3,6
HP Pavilion 15-eg2009TU Laptop,HP,12th Gen Core i5,8,512,Windows,15.6,12
HP 15s- eq2212AU Laptop,HP,AMD Ryzen 3 5300U,8,512,Windows,15.6,4
Dell Inspiron 3520 Laptop,Dell,12th Gen Core i5,8,256,Windows,15.6,10
HP 245 G8 62G68PA Laptop,HP,AMD Ryzen 3  3250U,8,0,Windows,14,2
Acer One 14 Z2-493 Laptop,Acer,AMD Ryzen 3 3250U,4,256,Windows,14,2
Acer Aspire 7 A715-51G NH.QGCSI.001 Gaming Laptop,Acer,12th Gen Core i5,8,512,Windows,15.6,12
Dell Inspiron 5320 Laptop,Dell,12th Gen Core i7,16,512,Windows,13.3,12
MSI Bravo 15 B5DD-410IN Gaming Laptop,MSI,Ryzen 5 5600H,8,512,Windows,15.6,6
Lenovo IdeaPad Flex 5 82R9008GIN Laptop,Lenovo,AMD Ryzen 5 5500U,16,512,Windows,14,6
HP Victus 15-fa0070TX Laptop,HP,12th Gen Core i5,8,512,Windows,15.6,8
Lenovo IdeaPad Slim 1 82R10049IN Laptop,Lenovo,AMD Ryzen 3 3250U,8,512,Windows,15.6,2
Asus Vivobook S15 OLED K3502ZA-L501WS Laptop,Asus,12th Gen Core i5,16,512,Windows,15.6,12
Lenovo IdeaPad D330 82H0001YIN Laptop,Lenovo,Celeron N4020,4,0,Windows,10.1,4
Infinix INBook X1 XL11 Laptop,Infinix,10th Gen Core i3,8,256,Windows,14,2
Realme Book Slim Laptop,Realme,11th Gen Core i5,8,512,Windows,14,4
Infinix Zero Book Series ZL12 Laptop,Infinix,12th Gen Core i7,16,512,Windows,15.6,14
Asus VivoBook 15 X1500EA-EJ701W Laptop,Asus,11th Gen Core i7,16,512,Windows,15.6,4
Lenovo IdeaPad Gaming 3 82K201YAIN Laptop,Lenovo,AMD Ryzen 5 5600H,8,512,Windows,15.6,6
Asus Vivobook Pro 14 OLED M3400QA-KM502WS Gaming Laptop,Asus,Ryzen 5 5600H,8,512,Windows,14,6
HP Pavilion x360 14-ek0074TU Laptop,HP,12th Gen Core i5,16,512,Windows,14,10
Lenovo IdeaPad Gaming 3 82K201UEIN Laptop,Lenovo,AMD Ryzen 5-5600H,8,512,Windows,15.6,6
Asus Vivobook Pro 15 OLED M6500IH-HN701WS Laptop,Asus,Ryzen 7-4800H,16,512,Windows,15.6,8
Asus TUF Gaming A15 FA506IHRZ-HN111W Laptop,Asus,AMD Ryzen 5 4600H,8,512,Windows,15.6,6
HP Victus 15-fb0050AX Gaming Laptop,HP,AMD Ryzen 5 5600H,8,512,Windows,15.6,6
Lenovo IdeaPad Slim 5 82SF008YIN Laptop,Lenovo,12th Gen Core i5,16,512,Windows,15.6,10
Acer Aspire 5 A515-57G UN.K9TSI.002 Gaming Laptop,Acer,12th Gen Core i5,16,512,Windows,15.6,12
Asus VivoBook 15 X1500EA-EJ322WS Laptop,Asus,11th Gen Core i3,8,512,Windows,15.6,2
HP 14s-dy5005TU Laptop,HP,12th Gen Core i5,16,512,Windows,14,10
Asus Vivobook 15 2022 X1502ZA-EJ312WS Laptop,Asus,12th Gen Core i3,8,512,Windows,15.6,10
Lenovo IdeaPad Slim 3 82RK0062IN Laptop,Lenovo,12th Gen Core i5,8,512,Windows,15.6,10
MSI Thin GF63 11SC-852IN Gaming Laptop,MSI,11th Gen Core i7,8,512,Windows,15.6,8
Asus Zenbook 17 Fold UX9702AA-MD023WS Laptop,Asus,12th Gen Core i7,16,1000,Windows,17.3,10
Nokia PureBook S14 NKi511TL165S Laptop,Nokia,11th Gen Core i5,16,512,Windows,14.1,4
Dell Latitude 3420 Laptop,Dell,11th Gen Core i5,8,512,Windows,14,4
Acer Aspire 3 A315-24 Laptop,Acer,Ryzen 5 7520U,8,512,Windows,15.6,4
HP 14s-dq2649TU Laptop,HP,11th Gen Core i3,8,512,Windows,14,2
Samsung Galaxy Book2 NP550XED-KA1IN 15 Laptop,Samsung,12th Gen Core i5,8,512,Windows,15.6,10
Samsung Galaxy Book 3 Pro NP960XFG-KC1IN Laptop,Samsung,13th Gen Core i7,16,512,Windows,16,12
Samsung Galaxy Book 3 Pro 14 NP940XFG-KC4IN Laptop,Samsung,13th Gen Core i7,16,512,Windows,14,12
Samsung Galaxy Book 3 Pro 14 NP940XFG-KC5IN Laptop,Samsung,13th Gen Core i7,16,1000,Windows,14,12
Samsung Galaxy Book 3 Pro 14 NP940XFG-KC1IN Laptop,Samsung,13th Gen Core i5,16,512,Windows,14,12
Samsung Galaxy Book 3 360 15 NP750QFG-KA2IN Laptop,Samsung,13th Gen Core i5,16,512,Windows,15.6,12
Lenovo V15 ‎82C70005UK Laptop,Lenovo,AMD Ryzen 5 5500U,8,512,Windows,15.6,6
Samsung Galaxy Book 3 360 13 NP730QFG-KA1IN Laptop,Samsung,13th Gen Core i5,16,512,Windows,13.3,10
Samsung Galaxy Book 3 360 13 NP730QFG-KA3IN Laptop,Samsung,13th Gen Core i7,16,1000,Windows,13.3,10
Samsung Galaxy Book 3 360 13 NP730QFG-KA2IN Laptop,Samsung,13th Gen Core i7,16,512,Windows,13.3,10
Samsung Galaxy Book 3 Pro 360 NP960QFG-KA2IN Laptop,Samsung,13th Gen Core i5,16,512,Windows,16,12
Samsung Galaxy Book 3 Pro NP960XFG-KC2IN Laptop,Samsung,13th Gen Core i7,16,1000,Windows,16,12
Samsung Galaxy Book 3 Pro 360 NP960QFG-KA1IN Laptop,Samsung,13th Gen Core i7,16,512,Windows,16,12
Samsung Galaxy Book 3 360 NP750QFG-KA1IN Laptop,Samsung,13th Gen Core i7,16,512,Windows,15.6,12
Samsung Galaxy Book 3 Pro 360 NP960QFG-KA3IN Laptop,Samsung,13th Gen Core i7,16,1000,Windows,16,12
Lenovo IdeaPad Gaming 3 82K1017WIN Laptop,Lenovo,11th Gen Core i5,8,512,Windows,15.6,4
Acer One 14 Z2-493 Laptop,Acer,AMD Ryzen 3 3250U,8,256,Windows,14,2
Dell Inspiron 3525 D560789WIN9S Laptop,Dell,AMD Ryzen 5-5625U,8,512,Windows,15.6,6
Acer Aspire 3 A315-59 Laptop,Acer,12th Gen Core i3,8,512,Windows,15.6,6
Lenovo IdeaPad Gaming 3 82K201Y9IN Laptop,Lenovo,AMD Ryzen 5-5600H,8,256,Windows,15.6,6
Lenovo IdeaPad Flex 5 82R9008GIN Laptop,Lenovo,AMD Ryzen 5 5500U,16,512,Windows,14,6
HP Pavilion 15s-eq2182AU Laptop,HP,Ryzen 5 5500U,16,512,Windows,15.6,6
HP Victus 15-fa0350TX Laptop,HP,12th Gen Core i5,8,512,Windows,15.6,8
Asus TUF Gaming A15 2022 FA577RE-HN055WS Gaming Laptop,Asus,AMD Ryzen 7 6800H,16,512,Windows,15.6,8
HP Victus 16-e0352AX Gaming Laptop,HP,Ryzen 5-5600H,8,512,Windows,16.1,6
Asus TUF Gaming F15 FX506LHB-HN355WS Gaming Laptop,Asus,10th Gen Core i5,8,512,Windows,15.6,4
HP Pavilion 15-eg2002TU Laptop,HP,12th Gen Core i5,16,512,Windows,15.6,12
Samsung Galaxy Book2 Pro 360 15 Laptop,Samsung,12th Gen Core i7,16,512,Windows,15.6,8
Dell Vostro 3510 Laptop,Dell,11th Gen Core i3,8,256,Windows,15.6,2
Asus VivoBook K15 OLED KM513UA-L503WS Laptop,Asus,Ryzen 5 5500U,8,256,Windows,15.6,6
HP 14s-fq1092au Laptop,HP,Ryzen 5 5500U,8,512,Windows,14,6
Microsoft Surface Laptop Go 1943 THJ-00023 Laptop,Microsoft,10th Gen Core i5,8,256,Windows,12.4,4
HP 245 G8 689T3PA Laptop,HP,AMD Ryzen 3 3250U,8,512,Windows,14,2
Lenovo IdeaPad 3i ‎82RJ005BUS Laptop,Lenovo,12th Gen Core i5,8,256,Windows,14,10
Apple MacBook Pro 16 inch Laptop,Apple,M2 Max 12-core CPU,32,1000,Mac,16.2,12
Samsung Galaxy Book 2 NP550XED-KA3IN Laptop,Samsung,12th Gen Core i7,16,512,Windows,15.6,10
Asus VivoBook 15 K513EP-BQ1093T Laptop,Asus,11th Gen Core i5,8,512,Windows,15.6,4
Lenovo IdeaPad Gaming 3 15IHU6 82K101GSIN Laptop,Lenovo,11th Gen Core i5,8,512,Windows,15.6,4
Asus VivoBook 14 X415EA-EK701WS Laptop,Asus,11th Gen Core i7,16,512,Windows,14,4
Asus VivoBook 14 2022 X1402ZA-EK312WS Laptop,Asus,12th Gen Core i3,8,512,Windows,14,10
HP 247 G8 600A9PA Laptop,HP,AMD Ryzen 3 5300U,8,512,Windows,14,4
Asus Vivobook Pro 16 OLED K6602HC-N1902WS Gaming Laptop,Asus,11th Gen Core i9,16,512,Windows,16,8
Acer Swift 3 OLED SF314-71 NX.KAVSI.001 Laptop,Acer,12th Gen Core i7,16,1000,Windows,14,14
Dell Latitude 3430 Laptop,Dell,12th Gen Core i5,8,512,Windows,14,10
HP Pavilion 15-eg2018TX Laptop,HP,12th Gen Core i5,16,512,Windows,15.6,10
Microsoft Surface Pro 9 QEZ-00065 Laptop,Microsoft,12th Gen Core i5,8,256,Windows,13,10
HP 247 G8 ‎6B5R3PA Laptop,HP,AMD Ryzen 3 5300U,8,512,DOS,14,4
HP Omen 16-n0079AX Gaming Laptop,HP,AMD Ryzen 7 6800H,16,512,Windows,16.1,8
Asus VivoBook 14 2022 X1402ZA-MW511WS Laptop,Asus,12th Gen Core i5,16,512,Windows,14,12
HP 14s-dr3001TU Laptop,HP,Pentium Silver N6000,8,256,Windows,14,4
Asus VivoBook 14 X415JA-EK522WS Laptop,Asus,10th Gen Core i5,8,512,Windows,14,4
Asus Chromebook Flip C214MA-BU0704 Laptop,Asus,Celeron N4020,4,0,Chrome,11.6,2
Lenovo IdeaPad Gaming 3 15IAH7 82S900R6IN Laptop,Lenovo,12th Gen Core i5,16,512,Windows,15.6,8
Acer Predator Helios 300 PH315-55 Gaming Laptop,Acer,12th Gen Core i9,16,1000,Windows,15.6,14
Acer Extensa 15 EX215-54 Laptop,Acer,11th Gen Core i3,8,512,Windows,15.6,2
Asus ProArt StudioBook Pro 16 OLED H7600ZM-L701WS Laptop,Asus,12th Gen Core i7,16,1000,Windows,16,14
Asus VivoBook 15 X515JA-EJ382WS Laptop,Asus,10th Gen Core i3,8,512,Windows,15.6,2
MSI Bravo 15 B5DD-410IN Gaming Laptop,MSI,Ryzen 5 5600H,8,512,Windows,15.6,6
Infinix INBook X1 Neo Laptop,Infinix, Celeron N5100,4,128,Windows,14,4
Asus TUF Dash F15 2022 FX517ZC-HN108WS Gaming Laptop,Asus,12th Gen Core i7,16,1000,Windows,15.6,10
Asus VivoBook 15 X515EA-EJ522WS Laptop,Asus,11th Gen Core i5,8,512,Windows,15.6,4
Asus Vivobook 15 2022 X1502ZA-EZ311WS Touch Laptop,Asus,12th Gen Core i3,8,512,Windows,15.6,10
HP 14s-dy2507TU Laptop,HP,11th Gen Core i3,8,256,Windows,14,2
HP Pavilion 15s-fq5112TU Laptop,HP,12th Gen Core i5,16,512,Windows,15.6,10
Asus TUF Gaming F15,Asus,2022) FX507ZE-HN038W Gaming Laptop ,16,512,Windows,15.6,14
Asus ROG Strix G17 2022 G713IE-HX040W Gaming Laptop,Asus,AMD Ryzen 7 4800H,16,1000,Windows,17.3,8
Infinix INBook X1 Neo XL22 Laptop,Infinix, Celeron N5100,8,256,Windows,14,4
Asus TUF Dash F15 2022 FX517ZC-HN083WS Gaming Laptop,Asus,12th Gen Core i5,16,512,Windows,15.6,8
Acer Nitro 5 AN515-56 Gaming Laptop,Acer,11th Gen Core i5,16,512,Windows,15.6,6
Acer Aspire 5 A515-57G Gaming Laptop,Acer,12th Gen Core i5,8,512,Windows,15.6,12
Lenovo IdeaPad Slim 1 82R1004AIN Laptop,Lenovo,AMD Ryzen 5 3500U,8,512,Windows,15.6,4
Acer Aspire 7 A715-75G NH.QGBSI.001 Gaming Laptop,Acer,12th Gen Core i5,8,512,Windows,15.6,12
Lenovo IdeaPad Gaming 3 82K201ULIN Laptop,Lenovo,Ryzen 5 5600H,16,512,Windows,15.6,6
Asus TUF Dash F15 2022 FX517ZC-HN035WS Gaming Laptop,Asus,12th Gen Core i5,8,512,Windows,15.6,8
Asus Vivobook Pro 14 OLED M3400QA-KM512WS Gaming Laptop,Asus,Ryzen 5 5600H,16,512,Windows,14,6
HP Pavilion 15-eg2039TU Laptop,HP,12th Gen Core i7,16,1000,Windows,15.6,12
HP Pavilion 14-dv2041TU Laptop,HP,12th Gen Core i5,16,512,Windows,14,10
MSI Gaming Crosshair 15 B12UEZ-677IN Laptop,MSI,12th Gen Core i7,16,1000,Windows,15.6,14
Apple MacBook Pro 2022 Laptop,Apple,Apple M2,8,512,Mac,13.3,8
HP Pavilion 14-dv2015TU Laptop,HP,12th Gen Core i7,16,1000,Windows,14,10
Asus Vivobook 15 2022 X1502ZA-BQ502WS Laptop,Asus,12th Gen Core i5,8,512,Windows,15.6,12
Dell G15-5511 Gaming Laptop,Dell,11th Gen Core i5,16,512,Windows,15.6,6
Dell G15-5520 Laptop,Dell,12th Gen Core i7,16,512,Windows,15.6,14
Acer Aspire 3 A315-58 Laptop,Acer,11th Gen Core i5,8,512,Windows,15.6,4
HP Pavilion 15-EC2048AX Gaming Laptop,HP,Ryzen 5 5600H,8,512,Windows,15.6,6
Dell Inspiron 3525 Laptop,Dell,Athlon Silver 3050U,8,256,Windows,15.6,2
Avita Satus Ultimus S111 Laptop,Avita,Celeron N4020,4,128,Windows,14.1,2
Samsung Galaxy Book Go Laptop,Samsung,Snapdragon 7c,4,0,Windows,14,0
Asus Vivobook 13 Slate OLED T3300KA-LQ122WS Laptop,Asus,Pentium Silver N6000,4,0,Windows,13.3,4
Asus VivoBook 15 X515EA-EJ322WS Laptop,Asus,11th Gen Core i3,8,512,Windows,15.6,2
Lenovo Ideapad 15ALC6 82KU017KIN Laptop,Lenovo,Ryzen 5 5500U,8,512,Windows,15.6,6
HP Pavilion 15-EC2146AX Gaming Laptop,HP,Ryzen 7 5800H,16,512,Windows,15.6,8
Infinix INBook X1 XL11 Laptop,Infinix,10th Gen Core i5,8,512,Windows,14,4
Apple MacBook Pro 14 inch MKGP3HN Laptop,Apple,M1 Pro 8-core CPU,16,512,Mac,14.2,8
HP Victus 16-e0162AX Gaming Laptop,HP,Ryzen 5 5600H,8,512,Windows,16.1,6
Dell Inspiron 3511 Laptop,Dell,11th Gen Core i5,8,512,Windows,15.6,4
Dell Latitude 5420 Laptop,Dell,11th Gen Core i5,8,256,Windows,14,4
HP Pavilion 15-DK2100TX Gaming Laptop,HP,11th Gen Core i5,8,256,Windows,15.6,4
Dell Inspiron 5518 Laptop,Dell,11th Gen Core i5,16,512,Windows,15.6,4
Xiaomi Mi Notebook Pro 14 Laptop,Xiaomi,11th Gen Core i5,16,512,Windows,14,4
HP 15s-GR0012AU Laptop,HP,AMD Ryzen 3 3250U,8,256,Windows,15.6,2
HP EliteBook 840 G6,HP,8LX79PA) Laptop ,8,512,Windows,14,4
HP 15s-fq2717TU Laptop,HP,11th Gen Core i3,8,512,Windows,15.6,2
Asus VivoBook 15 X515EA-EJ701WS Laptop,Asus,11th Gen Core i7,16,512,Windows,15.6,4
HP 245 G8 Laptop,HP,AMD Athlon Silver 3050U,8,0,Windows,14,2
HP 15s-eq2146AU Laptop,HP,Ryzen 3 5300U,8,256,Windows,15.6,4
Lenovo V15 82KBA01TIH Laptop,Lenovo,11th Gen Core i5,8,512,Windows,15.6,4
Apple MacBook Pro M2 2022 Laptop,Apple,Apple M2,16,512,Mac,13.3,8
Lenovo V15 82KDA01UIH Laptop,Lenovo,AMD Ryzen 3 5300U,8,512,DOS,15.6,4
Lenovo Yoga 9i 83B1002GIN Laptop,Lenovo,13th Gen Core i7,16,1000,Windows,14,12
Honor MagicBook X14 Laptop,Honor,11th Gen Core i5,8,512,Windows,14,4
Chuwi CoreBook X Laptop,Chuwi,12th Gen Core i3,16,512,Windows,14,6
Dell Inspiron 15 3520 D560915WIN9S Laptop,Dell,12th Gen Core i3,8,512,Windows,15.6,6
Dell Inspiron 3520 D560866WIN9S Laptop,Dell,12th Gen Core i5,8,512,Windows,15.6,10
Lenovo V15 82KDA00YIH Laptop,Lenovo,AMD Ryzen 5 5500U,8,512,DOS,15.6,6
HP 245 G8 3S7L2PA Laptop,HP,AMD Ryzen 3 3250U,4,0,Windows,14,2
Acer Aspire 3 A314-35 UN.K0SSI.040 Laptop,Acer, Pentium Silver N6005,4,256,Windows,14,4
Asus VivoBook 15 X1500EA-EJ3379WS Laptop,Asus,11th Gen Core i3,8,512,Windows,15.6,2
Lenovo V15 82KBA01KIH Laptop,Lenovo,11th Gen Core i5,8,512,DOS,15.6,4
HP 255 G8 Business Laptop,HP,Athlon 3050U,8,0,Windows,15.6,2
Lenovo E41-55 82FJ00ALIH Laptop,Lenovo,Athlon 3150U,4,0,DOS,14,2
Lenovo E41-55 82FJ00BLIH Laptop,Lenovo,Athlon 3050U,4,256,Windows,14,2
Dell Inspiron 5620 Laptop,Dell,12th Gen Core i7,16,512,Windows,16,10
Acer Aspire 7 A715-51G UN.QGCSI.002 Gaming Laptop,Acer,12th Gen Core i5,16,512,Windows,15.6,12
Asus VivoBook 14 X415EA-EK522WS Laptop,Asus,11th Gen Core i5,8,512,Windows,14,4
Dell Alienware M15 R7 Gaming Laptop,Dell,12th Gen Core i7,16,512,Windows,15.6,14
Asus Vivobook 16X M1603QA-MB512WS Laptop,Asus,Ryzen 5-5600H,16,512,Windows,16,6
Acer Extensa EX215-31 Laptop,Acer,Pentium N5030,8,256,Windows,15.6,4
Asus Vivobook 15 2022 X1502ZA-EJ514WS Laptop,Asus,12th Gen Core i5,8,512,Windows,15.6,10
Asus VivoBook 15 X1500EA-EJ522WS Laptop,Asus,11th Gen Core i5,8,512,Windows,15.6,4
Lenovo IdeaPad 3 82KU017KIN Laptop,Lenovo,AMD Ryzen 5 5500U,8,512,Windows,15.6,6
Dell G15-5521 D560897WIN9S Gaming Laptop,Dell,12th Gen Core i9,16,1000,Windows,15.6,14
Dell Inspiron 5420 Laptop,Dell,12th Gen Core i7,16,512,Windows,14,10
HP 255 G8 6X4B2PA Laptop,HP,AMD Athlon 3050,4,256,DOS,15.6,2
Asus Vivobook 15 OLED X1505ZA-L1511WS Laptop,Asus,12th Gen Core i5,16,512,Windows,15.6,10
Microsoft Surface Laptop 5 13.5 inch,Microsoft,12th Gen Core i5,8,256,Windows,13.5,10
Infinix INBook X2 Plus XL25 Laptop,Infinix,11th Gen Core i3,8,256,Windows,15.6,2
Infinix INBook X2 Plus XL25 Laptop,Infinix,11th Gen Core i7,16,512,Windows,15.6,4
Infinix INBook X2 Plus XL25 Laptop,Infinix,11th Gen Core i5,8,512,Windows,15.6,4
Honor MagicBook 14 M-WFQ9AHNE Laptop,Honor,AMD Ryzen 5 5500U,16,512,Windows,14,6
HP Victus 15-fa0092TX Laptop,HP,12th Gen Core i5,16,512,Windows,15.6,8
HP ProBook 440 G8 Laptop,HP,11th Gen Core i5,8,512,Windows,14,4
Lenovo Legion 5 82RB00K8IN Laptop,Lenovo,12th Gen Core i7,16,1000,Windows,15.6,14
Dell Inspiron 3520 D560879WIN9S Laptop,Dell,12th Gen Core i5,16,512,Windows,15.6,10
HP Omen 16-n0091AX Gaming Laptop,HP,AMD Ryzen 7 6800H,16,512,Windows,16.1,8
MSI Modern 15 B12M-202IN Laptop,MSI,12th Gen Core i5,8,512,Windows,15.6,10
Lenovo Legion 5 Pro 16IAH7H 82RF00DYIN Gaming Laptop,Lenovo,12th Gen Core i7,16,1000,Windows,16,14
Asus Vivobook Pro 15 OLED M3500QC-L1461WS Gaming Laptop,Asus,AMD Ryzen 5 5600H,16,512,Windows,15.6,6
Lenovo V15 82C3001VSP Laptop,Lenovo,Celeron N4020,4,256,Windows,15.6,2
Dell Inspiron 5320 Laptop,Dell,12th Gen Core i5,16,512,Windows,13.3,12
Asus TUF Gaming A15 2022 FA506QM-HN008W Gaming Laptop,Asus,AMD Ryzen 7 5800H,16,512,Windows,15.6,8
Lenovo E41-55 AMD Laptop,Lenovo,Athlon Pro 3045B,8,0,Windows,14,2
Asus VivoBook 14 2022 X1402ZA-EK391WS Laptop,Asus,12th Gen Core i3,8,256,Windows,14,10
Lenovo IdeaPad 3 82KU00LQIN Laptop,Lenovo,AMD Ryzen 5 5500U,8,512,Windows,15.6,6
Lenovo V15 G2-ITL Business Laptop,Lenovo,11th Gen Core i5,8,512,Windows,15.6,4
Lenovo IdeaPad Gaming 3 82K1019BIN Laptop,Lenovo,11th Gen Core i5,16,512,Windows,15.6,4
MSI Gaming Katana GF76 11SC-847IN Laptop,MSI,11th Gen Core i5,8,512,Windows,15.6,6
MSI Katana GF66 12UD-640IN Gaming Laptop,MSI,12th Gen Core i5,16,512,Windows,15.6,8
MSI Thin GF63 12HW-004IN Gaming Laptop,MSI,12th Gen Core i5,8,512,Windows,15.6,12
Lenovo IdeaPad Gaming 3 82SA00B2IN Laptop,Lenovo,12th Gen Core i7,16,512,Windows,16,14
Lenovo IdeaPad Slim 5 82LN00JSIN Laptop,Lenovo,Ryzen 7 5700U,16,512,Windows,15.6,8
MSI Pulse GL66 12UEK-898IN Gaming Laptop,MSI,12th Gen Core i9,16,1000,Windows,15.6,14
Chuwi HeroBook Air Laptop,Chuwi,Intel Celeron N4020,4,128,Windows,14.1,2
MSI Vector GP66 12UEO-646IN Gaming Laptop,MSI,12th Gen Core i7,16,1000,Windows,15.6,14
Lenovo IdeaPad Slim 3 81X800LCIN Laptop,Lenovo,11th Gen Core i3,8,256,Windows,15.6,2
MSI Modern 14 B5M-242IN Laptop,MSI,Ryzen 5 5500U,8,512,Windows,14,6
HP Envy x360 13-bf0059TU Laptop,HP,12th Gen Core i7,16,512,Windows,13.3,10
Asus ZenBook Pro Duo 14 OLED 2022 UX8402ZE-M711WS Laptop,Asus,12th Gen Core i7,16,1000,Windows,14.5,14
Dell Vostro 3425 D552305WIN9BE Laptop,Dell,AMD Ryzen 3 5425U,8,256,Windows,14,4
Lenovo Ideapad Slim 3 82H802KVIN Laptop,Lenovo,11th Gen Core i5,8,512,Windows,15.6,4
Dell Vostro 3425 D552309WIN9BE Laptop,Dell,AMD Ryzen 3 5425U,8,512,Windows,14,4
Acer Extensa EX215-54 NX.EGJSI.00N Laptop,Acer,11th Gen Core i5,8,512,Windows,15.6,4
HP Pavilion 15s-FR5007TU Laptop,HP,12th Gen Core i5,8,512,Windows,15.6,10
Lenovo Ideapad Slim 3i 81WQ00NXIN Laptop,Lenovo,Intel Celeron N4020,8,256,Windows,15.6,2
Asus Vivobook 15 2022 X1502ZA-EJ302WS Laptop,Asus,12th Gen Core i3,8,256,Windows,15.6,10
HP 15s-ey1508AU Laptop,HP,AMD Ryzen 3 3250U,8,256,Windows,15.6,2
MSI Thin GF63 11UC-866IN Gaming Laptop,MSI,11th Gen Core i7,8,512,Windows,15.6,8
Asus Vivobook Pro 15 OLED M6500IH-L1701WS Laptop,Asus,Ryzen 7-4800H,16,512,Windows,15.6,8
Lenovo IdeaPad Slim 3 82KU017EIN Laptop,Lenovo,AMD Ryzen 5 5500U,8,512,Windows,15.6,6
Lenovo Ideapad Gaming 3 82K201UKIN Laptop,Lenovo,Ryzen 7 5800H,8,512,Windows,15.6,8
Lenovo IdeaPad 3 14ITL6 82H701DYIN Laptop,Lenovo,11th Gen Core i3,8,512,Windows,14,2
Dell Latitude 5320 Business Laptop,Dell,11th Gen Core i5,8,512,Windows,13.3,4
MSI Thin GF63 11UC-867IN Gaming Laptop,MSI,11th Gen Core i5,8,512,Windows,15.6,6
HP 15s-fr2514TU Laptop,HP,11th Gen Core i3,8,256,Windows,15.6,2
Asus Zenbook Flip 14 OLED UP5401ZA-KN501WS Laptop,Asus,12th Gen Core i5,16,512,Windows,14,12
Acer Aspire 3 A315-23 UN.HVTSI.013 Laptop,Acer,Ryzen 3 3250U,8,256,Windows,15.6,2
HP 15s-dr3506TU Laptop,HP,11th Gen Core i3,8,256,Windows,15.6,2
HP 14s-fq0568AU Laptop,HP,AMD Athlon 3050U,8,256,Windows,14,2
HP 15s-du3614TU Laptop,HP,11th Gen Core i3,8,256,Windows,15.6,2
HP 15s-eq1560AU Laptop,HP,AMD Ryzen 3 3250U,8,512,Windows,15.6,2
Dell Inspiron 3525 Laptop,Dell,AMD Ryzen3 5425U,8,512,Windows,15.6,4
Lenovo IdeaPad Gaming 3 82K10198IN Laptop,Lenovo,11th Gen Core i5,8,512,Windows,15.6,4
Acer Predator Helios 500 Ph517-52 Gaming Laptop,Acer,11th Gen Core i9,64,2000,Windows,17.3,8
Lenovo Ideapad Gaming 3 82K201UNIN Laptop,Lenovo,Ryzen 7 5800H,16,512,Windows,15.6,8
Lenovo IdeaPad Slim 3 82H701DNIN Laptop,Lenovo,11th Gen Core i3,8,512,Windows,14,2
Dell Vostro 5625 laptop,Dell,Ryzen 5-5625U,8,512,Windows,16,6
HP Pavilion 14-eh0024TU Laptop,HP,12th Gen Core i7,16,1000,Windows,14,14
Dell XPS 13 Plus 9320 Laptop,Dell,12th Gen Core i7,16,1000,Windows,13.4,12
Asus ZenBook Pro Duo 15 OLED 2022 UX582ZM-H701WS Laptop,Asus,12th Gen Core i7,32,1000,Windows,15.6,14
Dell Alienware x14 Gaming Laptop,Dell,12th Gen Core i7,16,512,Windows,15.6,14
HP Victus 15-fa0354TX Laptop,HP,12th Gen Core i7,16,512,Windows,15.6,10
HP 15s-fq2671TU Laptop,HP,11th Gen Core i3,8,512,Windows,15.6,2
MSI Katana GF66 11UE-861IN Gaming Laptop,MSI,11th Gen Core i7,16,512,Windows,15.6,8
Lenovo Yoga Slim 7 Pro 82NC00EWIN Laptop,Lenovo,11th Gen Core i5,16,512,Windows,14,4
HP 15s- fr2512TU Laptop,HP,11th Gen Core i3,8,256,Windows,15.6,4
Lenovo IdeaPad Slim 3 82RK006DIN Laptop,Lenovo,12th Gen Core i3,8,512,Windows,15.6,6
HP Victus 16-e0650AX Gaming Laptop,HP,AMD Ryzen 7 5800H,8,512,Windows,16.1,8
Lenovo V15 82KBA03TIH Laptop,Lenovo,11th Gen Core i3,8,256,Windows,15.6,2
Lenovo IdeaPad Gaming 3 82K101B7IN Laptop,Lenovo,11th Gen Core i5,16,256,Windows,15.6,4
Dell Inspiron 7420 D560780WIN9S Laptop,Dell,12th Gen Core i3,8,256,Windows,14,6
Dell Inspiron 7420 Laptop,Dell,12th Gen Core i5,8,512,Windows,14,10
Dell Inspiron 7620 Laptop,Dell,12th Gen Core i5,16,512,Windows,16,10
Dell Inspiron 7420 2-in-1 Laptop,Dell,12th Gen Core i7,16,512,Windows,14,10
Asus ROG Strix G15 G513IE-HN040WS Gaming Laptop,Asus,Ryzen 7 4800H,16,1000,Windows,15.6,8
Infinix INBook X1 Slim XL21 Laptop,Infinix,10th Gen Core i5,16,512,Windows,14,4
HP 255 G8 62Y23PA Laptop,HP,Ryzen 3 3250U,8,512,Windows,15.6,2
Asus Vivobook 16X 2022 M1603QA-MB711WS Laptop,Asus,Ryzen 7-5800H,16,512,Windows,16,8
HP Pavilion 15-eg2036TU Laptop,HP,12th Gen Core i5,16,512,Windows,15.6,12
Asus TUF Gaming F17 FX707ZM-HX030WS Laptop,Asus,12th Gen Core i7,16,1000,Windows,17.3,14
Asus Vivobook Pro 14 OLED M3400QA-KM702WS Gaming Laptop,Asus,Ryzen 7 5800H,16,512,Windows,14,8
Infinix INBook X1 Slim Series XL21 Laptop,Infinix,10th Gen Core i3,8,512,Windows,14,2
Asus TUF Gaming A15 FA506ICB-HN005W Laptop,Asus,Ryzen 7 4800H,8,512,Windows,15.6,8
Asus TUF Gaming F15 FX577ZM-HQ067WS Laptop,Asus,12th Gen Core i7,16,1000,Windows,15.6,14
Acer Aspire Vero AV15-51-5155 Laptop,Acer,11th Gen Core i5,16,512,Windows,15.6,4
Apple MacBook Air 2022 Laptop,Apple,Apple M2,8,512,Mac,13.6,8
Asus TUF Gaming F15 FA506IHRB-HN079W Gaming Laptop,Asus,AMD Ryzen 5 4600H,8,512,Windows,15.6,6
Asus Vivobook S15 OLED S3502ZA-L502WS Laptop,Asus,12th Gen Core i5,16,512,Windows,15.6,12
HP Pavilion 14-dv2053TU Laptop,HP,12th Gen Core i5,8,512,Windows,14,10
HP Pavilion 15s-fq5010TU Laptop,HP,12th Gen Core i5,8,512,Windows,15.6,12
Lenovo Ideapad Slim 3 81WB01EBIN Laptop,Lenovo,10th Gen Core i3,8,512,Windows,15.6,2
HP Pavilion 15s-FQ5009TU Laptop,HP,12th Gen Core i5,8,512,Windows,15.6,10
Samsung Galaxy Book2 Laptop,Samsung,12th Gen Core i5,8,512,Windows,15.6,12
Asus Strix G15 G513RM-HQ271WS Gaming Laptop,Asus,Ryzen 7 6800H,16,1000,Windows,15.6,8
Dell Inspiron 5520 Laptop,Dell,12th Gen Core i5,16,512,Windows,15.6,12
Asus Vivobook S14 OLED S3402ZA-KM501WS Laptop,Asus,12th Gen Core i5,16,512,Windows,14,12
HP Pavilion 15-EG2019TX Laptop,HP,12th Gen Core i5,16,512,Windows,15.6,10
Samsung Galaxy Book2 15 Laptop,Samsung,12th Gen Core i7,16,512,Windows,15.6,10
Samsung Galaxy Book2 15 Laptop,Samsung,12th Gen Core i5,8,512,Windows,15.6,10
Dell G15-5511 Gaming Laptop,Dell,11th Gen Core i5,8,512,Windows,15.6,6
Lenovo IdeaPad 3 81WQ00MQIN Laptop,Lenovo,Celeron N4020,8,256,Windows,15.6,2
Dell G15-5520 Laptop,Dell,12th Gen Core i5,16,512,Windows,15.6,12
HP Pavilion 15-EG2035TU Laptop,HP,12th Gen Core i5,16,512,Windows,15.6,8
Acer Nitro 5 AN515-58 Gaming Laptop,Acer,12th Gen Core i5,8,512,Windows,15.6,8
Asus TUF Gaming A15 2021 FA506QM-HN124W Laptop,Asus,Ryzen 9 5900HX,16,512,Windows,15.6,8
Lenovo V15-IGL 82C3A008IH Laptop,Lenovo,Celeron N4020,4,256,DOS,15.6,2
Dell Latitude 3420 Laptop,Dell,11th Gen Core i5,16,256,Windows,14,4
Dell Inspiron 3521 Laptop,Dell,Pentium N5030,8,256,Windows,15.6,4
Dell Vostro 5625 laptop,Dell,Ryzen 5-5625U,16,512,Windows,16,6
HP 240 G8 Laptop,HP,11th Gen Core i5,8,512,Windows,14,4
Lenovo E41-55 82FJ009JIH Laptop,Lenovo,Athlon Pro 3045B,4,0,DOS,14,2
HP Pavilion 15-eh2018AU Laptop,HP,Ryzen 5 5625U,8,512,Windows,15.6,6
HP Pavilion 14-ec1003AU Laptop,HP,Ryzen 5,8,512,Windows,14,6
Samsung Galaxy Book2 Pro 360 13 Laptop,Samsung,12th Gen Core i7,16,512,Windows,13.3,8
Dell Vostro 3510 Laptop,Dell,11th Gen Core i5,8,512,Windows,15.6,4
Asus Vivobook 15 X515MA-BR101W Laptop,Asus,Pentium Quad Core,4,0,Windows,15.6,4
Samsung Galaxy Book2 Pro 360 13 Laptop,Samsung,12th Gen Core i5,16,512,Windows,13.3,12
Asus Vivobook 13 Slate OLED T3300KA-LQ111WS Laptop,Asus,Pentium Silver N6000,8,256,Windows,13.3,4
Apple MacBook Air 2020 Z124J002KD Laptop,Apple,Apple M1,16,512,Mac,13.3,8
HP 14s-fq1089au Laptop,HP,Ryzen 3 5300U,8,512,Windows,14,4
HP 15s- fq4021TU Laptop,HP,11th Gen Core i5,8,512,Windows,15.6,4
Apple MacBook Air 2020 Z124J001KD Laptop,Apple,Apple M1,16,256,Mac,13.3,8
HP 15s-eq2143au Laptop,HP,Ryzen 3 5300U,8,512,Windows,15.6,4
Dell Inspiron 3511 Laptop,Dell,11th Gen Core i5,8,256,Windows,15.6,4
Lenovo IdeaPad 3 82H801L7IN,Lenovo,11th Gen Core i3,8,512,Windows,15.6,2
Dell Latitude 7410 Laptop,Dell,10th Gen Core i5,8,256,Windows,14,4
HP Pavilion 15-EC2145AX Gaming Laptop,HP,Ryzen 5 5600H,8,512,Windows,15.6,6
HP Pavilion 15-ec2150AX Laptop,HP,Ryzen 5 5600H,8,512,Windows,15.6,6
Dell Latitude 5420 Laptop,Dell,11th Gen Core i7,16,512,Windows,14,4
HP 14s-dy2506TU Laptop,HP,11th Gen Core i3,8,256,Windows,14,4
Lenovo IdeaPad 3 15ITL6 82H801L3IN Laptop,Lenovo,11th Gen Core i3,8,256,Windows,15.6,2
Infinix INBook X1 XL12 Laptop,Infinix,10th Gen Core i7,16,512,Windows,14,4
Asus Vivobook X415EA-EB372WS Laptop,Asus,11th Gen Core i3,8,256,Windows,14.1,2
Asus VivoBook 15 2021 X515JA-EJ362WS Laptop,Asus,10th Gen Core i3,8,512,Windows,15.6,2
HP Pavilion 15-dk2095TX Gaming Laptop,HP,11th Gen Core i5,8,512,Windows,15.6,4
Apple MacBook Pro 16 inch MK1A3HN Laptop,Apple,M1 Max 10-core CPU,32,1000,Mac,16.2,10
Lenovo V15 82C30052IH Laptop,Lenovo,Intel Celeron N4020,4,0,DOS,15.6,2
Dell Inspiron 3511 Laptop,Dell,11th Gen Core i3,8,256,Windows,15.6,2
HP Pavilion 15-ec2008AX Gaming Laptop,HP,Ryzen 5 5600H,8,512,Windows,15.6,6
Asus VivoBook 15 X515EA-BQ312TS Laptop,Asus,11th Gen Core i3,8,256,Windows,15.6,2
Xiaomi Mi Notebook Ultra Laptop,Xiaomi,11th Gen Core i5,16,512,Windows,15.6,4
MSI Bravo 15 B5DD-043IN Gaming Laptop,MSI,Ryzen 5 5600H,8,512,Windows,15.6,6
Lenovo IdeaPad 3 15ITL6 82H800U5IN Laptop,Lenovo,11th Gen Core i3,8,512,Windows,15.6,2
Xiaomi RedmiBook e-Learning Edition,Xiaomi,11th Gen Core i3,8,256,Windows,15.6,2
Realme Book Slim Laptop,Realme,11th Gen Core i3,8,256,Windows,14,2
Lenovo IdeaPad 3 15ITL6 82H8014BIN Laptop,Lenovo,11th Gen Core i5,8,512,Windows,15.6,4
Acer Extensa EX215-31 Laptop,Acer,Intel Pentium N5030,4,0,Windows,15.6,4
Asus ROG Flow X13 GV301QH-K5462TS Gaming Laptop,Asus,AMD Ryzen 9,16,1000,Windows,13.4,8
Lenovo Yoga 9i 82BG005JIN Laptop,Lenovo,11th Gen Core i7,16,1000,Windows,14,4
Dell Inspiron 3501 Laptop,Dell,11th Gen Core i5,8,256,Windows,15.6,4
Apple MacBook Air 2020 MGN73HN Laptop,Apple,Apple M1,8,512,Mac,13.3,8
Dell Inspiron 3593 Laptop,Dell,10th Gen Core i3,4,0,Windows,15.6,2
Microsoft Surface Laptop 3 1873,Microsoft,V4G-00021) Laptop ,8,128,Windows,15,4
HP EliteBook 840 G6,HP,7YY01PA) Laptop ,8,512,Windows,14,4
Dell Latitude 5320 2-in-1 Laptop,Dell,11th Gen Core i5,16,256,Windows,13.3,4
Lenovo V15 ITL 82KBA03JIH Laptop,Lenovo,11th Gen Core i3,8,512,Windows,15.6,2
Asus VivoBook 15 X1500EA-EJ3381WS Laptop,Asus,11th Gen Core i3,8,512,Windows,15.6,2
HP Envy x360 15-ew0037TU Laptop,HP,12th Gen Core i5,16,512,Windows,15.6,10
HP 15s-eq2213AU Laptop,HP,AMD Ryzen 3 5300U,8,512,Windows,15.6,4
Asus Vivobook Pro 16X OLED N7601ZM-MQ711WS Gaming Laptop,Asus,12th Gen Core i7,16,1000,Windows,16,10
HP Victus 16-d0310TX Gaming Laptop,HP,11th Gen Core i5,8,512,Windows,16.1,6
HP Victus 15-fb0777AX Gaming Laptop,HP,AMD Ryzen 5 5600H,8,512,Windows,15.6,6
HP Victus 16-d0311TX Gaming Laptop,HP,11th Gen Core i5,16,512,Windows,16.1,6
Dell G15-5520 D560897WIN9S Laptop,Dell,12th Gen Core i9,16,1000,Windows,15.6,14
HP Victus 16-e0333TX Gaming Laptop,HP,AMD Ryzen 5 5600H,16,512,Windows,16.1,6
Lenovo Legion 5 Pro 82RG00ELIN Laptop,Lenovo,AMD Ryzen 7 6800H,16,1000,Windows,16,8
MSI Katana GF66 12UD Gaming Laptop,MSI,12th Gen Core i7,16,512,Windows,15.6,14
MSI Pulse GL66 12UGSZOK Gaming Laptop,MSI,12th Gen Core i9,16,1000,Windows,15.6,14
HP Pavilion 15-eg2091TU Laptop,HP,12th Gen Core i5,16,512,Windows,15.6,12
HP Envy x360 15-ew0043TU 2-in-1 Laptop,HP,12th Gen Core i5,16,512,Windows,15.6,10
HP Envy x360 15-ew0047TU 2-in-1 Laptop,HP,12th Gen Core i7,16,512,Windows,15.6,10
HP ProBook 445 G8 Laptop,HP,AMD Ryzen 7 5800U,16,512,Windows,14,8
Apple MacBook Pro 16 inch Laptop,Apple,M2 Pro 12-core CPU,16,1000,Mac,16.2,12
Apple MacBook Pro 16 inch Laptop,Apple,M2 Pro 12-core CPU,16,512,Mac,16.2,12
Apple MacBook Pro 14 inch Laptop,Apple,M2 Max 12-core CPU,32,1000,Mac,14.2,12
Apple MacBook Pro 14 inch Laptop,Apple,M2 Pro 12-core CPU,16,1000,Mac,14.2,12
Apple MacBook Pro 14 inch Laptop,Apple,M2 Pro 10-core CPU,16,512,Mac,14.2,10
HP Pavilion Plus 14-eh0037TU Laptop,HP,12th Gen Core i5,16,512,Windows,14,12
Apple MacBook Pro 2022 Laptop,Apple,Apple M2,16,256,Mac,13.3,8
Apple MacBook Air M2 2022 Laptop,Apple,Apple M2,16,512,Mac,13.6,8
Apple MacBook Air 2022 Laptop,Apple,Apple M2,16,256,Mac,13.6,8
Samsung Galaxy Book2 NP550XED-KA2IN Laptop,Samsung,12th Gen Core i5,16,512,Windows,15.6,8
Lenovo Legion 7i 82TD009KIN Gaming Laptop,Lenovo,12th Gen Core i9,32,1000,Windows,16,16
Dell Inspiron 3511 D560783WIN9BD Laptop,Dell,11th Gen Core i3,8,512,Windows,15.56,2
Dell Vostro 3425 D552308WIN9B Laptop,Dell,AMD Ryzen 3 5425U,8,256,Windows,14,4
HP 245 G8 ‎6E3Z1PA Laptop,HP,AMD Ryzen 3 3250U,8,512,DOS,14,2
MSI Modern 14 C12M-269IN Laptop,MSI,12th Gen Core i3,8,512,Windows,14,6
Dell Inspiron 5420 ICC-C782537WIN8 Laptop,Dell,12th Gen Core i5,16,512,Windows,14,12
HP 15s-du3612TU Laptop,HP,11th Gen Core i3,8,256,Windows,15.6,2
Infinix INBook X2 Plus XL25 Laptop,Infinix,11th Gen Core i5,16,512,Windows,15.6,4
Dell Inspiron 3520 Laptop,Dell,12th Gen Core i5,8,512,Windows,15.6,10
Dell Vostro 3420 Laptop,Dell,12th Gen Core i5,16,512,Windows,14,10
Dell Inspiron 3520 2022 Laptop,Dell,12th Gen Core i5,8,256,Windows,15.6,10
HP Envy x360 15-ew0040TU Laptop,HP,12th Gen Core i5,16,512,Windows,15.6,10
HP Envy x360 15-ew0048TU Laptop,HP,12th Gen Core i7,16,1000,Windows,15.6,10
HP Envy x360 15-ew0043TU Laptop,HP,12th Gen Core i5,16,512,Windows,15.6,10
Dell G15-5520 Gaming Laptop,Dell,12th Gen Core i5,8,512,Windows,15.6,12
HP Pavilion 14-ec1005AU Laptop,HP,Ryzen 5 5625U,16,512,Windows,14,6
HP Pavilion 14-ec1005AU Laptop,HP,12th Gen Core i5,16,512,Windows,15.6,12
HP Envy x360 13-bf0121TU  Laptop,HP,12th Gen Core i5,16,512,Windows,13.4,10
HP Envy x360 13-ay1064AU 2-in-1 Laptop,HP,Ryzen 7 5800U,16,512,Windows,13.3,8
Dell Vostro 3520 Laptop,Dell,12th Gen Core i5,8,512,Windows,15.6,10
Asus ROG Zephyrus G15 GA503RMZ-LN155WS Gaming Laptop,Asus,AMD Ryzen 7 6800HS,16,1000,Windows,15.6,8
Dell Vostro 3420 Laptop,Dell,12th Gen Core i5,8,512,Windows,14,10
Dell Vostro 3525 Laptop,Dell,AMD R5-5625U,16,512,Windows,15.6,6
Dell Vostro 3525 Laptop,Dell,AMD Ryzen 5-5625U,8,512,Windows,15.6,6
Dell Vostro 3420 Laptop,Dell,12th Gen Core i3,8,512,Windows,14,6
Asus ROG Zephyrus G15 GA503RSZ-HQ061WS Gaming Laptop,Asus,AMD Ryzen 9 6900HS,16,1000,Windows,15.6,8
MSI Modern 15 B12M Laptop,MSI,12th Gen Core i7,16,512,Windows,15.6,10
MSI Modern 15 B12M Laptop,MSI,12th Gen Core i5,16,512,Windows,15.6,10
MSI Modern 14 C12M Laptop,MSI,12th Gen Core i5,8,512,Windows,14,10
Asus Vivobook 15 X1502ZA-EJ381WS Laptop,Asus,12th Gen Core i3,8,512,Windows,15.6,10
HP 240 G8 Business Laptop,HP,11th Gen Core i5,8,512,Windows,14,4
HP Victus 15-fa0031dx Gaming Laptop,HP,12th Gen Core i5,8,512,Windows,15.6,8
Lenovo Thinkpad P15v 21AAS05L00 Laptop,Lenovo,11th Gen Core i7,16,1000,Windows,15.6,8
Acer Aspire 5 A515-57 2022 Laptop,Acer,12th Gen Core i5,16,512,Windows,15.6,10
HP Pavilion x360 14-ek0137TU Laptop,HP,12th Gen Core i3,8,512,Windows,14,6
Dell Vostro 3510 ICC-D585046WIN8 Laptop,Dell,Intel Pentium Gold 7505,8,256,Windows,15.6,2
HP 240 G8 4K5D5PA Business Laptop,HP,11th Gen Core i3,8,512,DOS,14,2
Lenovo E41-55 82FJ00B5IH Laptop,Lenovo,Athlon 3050U,4,0,DOS,14,2
Lenovo E41-55 82FJ00B5IH Laptop,Lenovo,Athlon 3050U,4,256,DOS,14,2
MSI Katana GF66 12UC-632IN Gaming Laptop,MSI,12th Gen Core i7,8,512,Windows,15.6,14
Lenovo IdeaPad Flex 5 14ALC7 82R9006PIN Laptop,Lenovo,AMD Ryzen 5 5500U,16,512,Windows,14,6
Lenovo V14 Gen 2 ‎82C40019IX Laptop,Lenovo,11th Gen Core i5,8,512,Windows,14,4
Asus ROG Strix G15 G513IE-HN088WS Gaming Laptop,Asus,Ryzen 7 4800H,8,512,Windows,15.6,8
Asus Vivobook 14 OLED UX3402ZA-KN531WS Laptop,Asus,12th Gen Core i5,16,512,Windows,14,12
Lenovo IdeaPad Slim 3 82RJ0040IN Laptop,Lenovo,12th Gen Core i3,8,512,Windows,14,6
Ultimus S151 NU14U2INC43VN-CS Laptop,Ultimus,Celeron N4020,4,128,Windows,14.1,2
HP Pavilion 14-dv2014TU Laptop,HP,12th Gen Core i5,16,512,Windows,14,10
Ultimus S151 NU14U2INC43VD-CS Laptop,Ultimus,Celeron N4020,4,128,DOS,14.1,2
Ultimus S152 NU15U2INC44VN-SG Laptop,Ultimus,Celeron N4020,4,256,Windows,15.6,2
Lenovo Legion S7 82TF007LIN Gaming Laptop,Lenovo,12th Gen Core i7,16,1000,Windows,16,14
Acer Aspire 5 A515-57 NX.K2VSI.002 Laptop,Acer,12th Gen Core i3,8,512,Windows,15.6,6
MSI Stealth GS66 12UGS-290IN Gaming Laptop,MSI,12th Gen Core i7,32,1000,Windows,15.6,14
HP Envy x360 13-AY1065AU Laptop,HP,AMD Ryzen 5-5600U,8,512,Windows,13.3,6
Dell Latitude 14 7420 Laptop,Dell,11th Gen Core i5,16,512,Windows,14,4
Acer Aspire 5 A515-57 Laptop,Acer,12th Gen Core i5,8,512,Windows,15.6,10
Lenovo IdeaPad Slim 3 82H802XXIN Laptop,Lenovo,11th Gen Core i5,16,512,Windows,15.6,4
Gigabyte G5 KE RC55KE Laptop,Gigabyte,12th Gen Core i5,16,512,Windows,15.6,12
Gigabyte G5 ME RC55ME Laptop,Gigabyte,12th Gen Core i5,16,512,Windows,15.6,12
Gigabyte G5 GE RC55GE Laptop,Gigabyte,12th Gen Core i5,8,512,Windows,15.6,12
Dell Inspiron 7420 D560918WIN9S Laptop,Dell,12th Gen Core i5,8,512,Windows,14,10
Lenovo ThinkPad X13 21BNS03K00 Laptop,Lenovo,12th Gen Core i7,16,512,Windows,13.3,12
Acer Nitro 5 AN515-45 UN.QCLSI.005 Gaming Laptop,Acer,AMD Ryzen 5 5600H,16,512,Windows,15.6,6
Acer Nitro 5 AN515-45 UN.QCLSI.006 Gaming Laptop,Acer,AMD Ryzen 5 5600H,8,512,Windows,15.6,6
Acer Nitro 5 AN515-45 UN.QBMSI.009 Gaming Laptop,Acer,AMD Ryzen 5 5600H,16,512,Windows,15.6,6
HP Envy x360 13-bf0085TU Laptop,HP,12th Gen Core i5,8,512,Windows,13.3,10
HP 240 G8 Business Laptop,HP,11th Gen Core i3,8,512,Windows,14,2
Lenovo Ideapad Slim 3 81WD014XIN Laptop,Lenovo,10th Gen Core i3,4,256,Windows,15.6,2
Lenovo ThinkPad T14 20W0S1HU00 Laptop,Lenovo,11th Gen Core i7,16,512,Windows,14,4
HP Pavilion 14-ek0084TU Laptop,HP,12th Gen Core i5,8,512,Windows,14,10
Asus Eeebook 14 E410KA-BV092W Laptop,Asus,Celeron N4500,4,256,Windows,14,2
HP 240 G8 689T7PA Business Laptop,HP,intel Core i3,8,512,Windows,14,0
Lenovo ThinkPad E14 G3 20Y700B5IG Laptop,Lenovo,Ryzen 7 5700U,16,512,Windows,14,8
Lenovo V14 82KAA057IH Laptop,Lenovo,11th Gen Core i3,8,256,Windows,14,2
Lenovo IdeaPad Slim 3 82H802XVIN Laptop,Lenovo,11th Gen Core i3,8,256,Windows,15.6,2
Acer Chromebook Enterprise Spin 513 R841LT-S6DJ Laptop,Acer,Snapdragon 7c,4,0,Chrome,13.3,8
Lenovo ThinkPad E14 Gen 2 20TAS08F00 Laptop,Lenovo,11th Gen Core i5,8,512,Windows,14.1,4
Dell Inspiron 3520 D560878WIN9S Laptop,Dell,12th Gen Core i5,8,512,Windows,15.6,10
Asus Vivobook 14 OLED UX3402ZA-KN731WS Laptop,Asus,12th Gen Core i7,16,512,Windows,14,12
Lenovo Ideapad Slim 3 81WB01FYIN Laptop,Lenovo,10th Gen Core i3,8,256,Windows,15.6,2
Dell Inspiron 3525 D560863WIN9B Laptop,Dell,AMD Ryzen 5 5625U,8,512,Windows,15.6,6
Lenovo Thinkpad E14 Gen 2 20TAS0Y800 Laptop,Lenovo,11th Gen Core i5,8,512,DOS,14.1,4
Asus TUF Gaming F15 FX506LHB-HN358W Gaming Laptop,Asus,10th Gen Core i5,8,512,Windows,15.6,4
MSI Stealth 17M A12UE Gaming Laptop,MSI,12th Gen Core i7,16,1000,Windows,17.3,14
MSI Modern 15 A5M-055IN Laptop,MSI,Ryzen 5 5500U,8,512,Windows,15.6,6
Lenovo Thinkpad E14 Gen 2 20TAS0E800 Laptop,Lenovo,11th Gen Core i5,16,512,Windows,14,4
Dell Vostro 3420 D552278WIN9S Laptop,Dell,11th Gen Core i3,8,512,Windows,14,2
Lenovo ‎ThinkPad E14 Gen 4 Laptop,Lenovo,12th Gen Core i5,8,512,Windows,14,10
Dell Alienware X17 R1 D569936WIN9 Gaming Laptop,Dell,11th Gen Core i9,32,1000,Windows,17.3,8
Lenovo V15 82KBA02UIH Laptop,Lenovo,11th Gen Core i3,8,256,Windows,15.6,2
Lenovo Thinkpad P15v 21D8S00V00 Laptop,Lenovo,12th Gen Core i7,32,1000,Windows,15.6,14
Microsoft Surface Laptop 5 ‎RBG-00048 13.5 inch,Microsoft,12th Gen Core i7,8,256,Windows,13.5,10
Microsoft Surface Pro 9 ‎QIL-00031 Laptop,Microsoft,12th Gen Core i7,16,256,Windows,13,10
Microsoft Surface Pro 9 ‎‎QIX-00031 Laptop,Microsoft,12th Gen Core i7,16,512,Windows,13,10
Microsoft Surface Laptop 5 ‎RIP-00048 15 inch,Microsoft,12th Gen Core i7,16,512,Windows,15,10
Dell Inspiron 14 5415 Laptop,Dell,Ryzen 5 5500U,8,512,Windows,14,6
Lenovo Legion 5 Pro 82RF00E1IN Gaming Laptop,Lenovo,12th Gen Core i7,32,1000,Windows,16,14
Lenovo Ideapad Slim 3 81WE01QSIN Laptop,Lenovo,10th Gen Core i3,4,256,Windows,15.6,2
Acer Aspire 3 A315-58 Laptop,Acer,11th Gen Core i5,12,512,Windows,15.6,4
Asus E410 Eeebook E410KA-BV003W Laptop,Asus,Celeron N4500,4,256,Windows,14,2
Asus Vivobook 15 2022 X1502ZA-EJ515WS Laptop,Asus,12th Gen Core i5,8,512,Windows,15.6,10
Lenovo Thinkbook 14 20VD011EIH Laptop,Lenovo,11th Gen Core i7,16,512,Windows,14,4
Acer Swift 3 SF314-43 Laptop,Acer,Ryzen 5 5500U,8,512,Windows,14,6
Lenovo V15 G2-ITL 82KBA034IH Laptop,Lenovo,11th Gen Core i3,8,512,DOS,15.6,2
Dell XPS 9315 Laptop,Dell,12th Gen Core i7 ,16,1000,Windows,13.4,10
Dell Inspiron 5415 Laptop,Dell,Ryzen 7 5700U,16,512,Windows,14,8
HP Victus 16-e0550AX Gaming Laptop,HP,AMD Ryzen 7 5800H,8,512,Windows,16,8
Asus VivoBook 14 X415MA-BV102WS Laptop,Asus,Pentium Silver N5030,8,256,Windows,14.1,4
Asus VivoBook 15 2022 X515JA-EJ592WS Laptop,Asus,10th Gen Core i5,8,512,Windows,15.6,4
Dell Inspiron 3520 Laptop,Dell,12th Gen Core i5,8,512,Windows,15.6,10
Dell G15-5520 D560895WIN9S Laptop,Dell,12th Gen Core i7,16,512,Windows,15.6,10
Acer One 14 Z2-493 UN.431SI.129 Laptop,Acer,AMD Ryzen 3 3250U,8,0,Windows,14,2
HP 15s-fq2670TU Laptop,HP,11th Gen Core i3,8,256,Windows,15.6,2
Asus VivoBook 15 X515JA-EJ392WS Laptop,Asus,10th Gen Core i3,8,512,Windows,15.6,2
Lenovo IdeaPad Slim 3 82RK007JIN Laptop,Lenovo,12th Gen Core i3,8,512,Windows,15.6,6
Acer Chromebook 311 C733 Laptop,Acer,Intel Celeron N4020,4,0,Chrome,11.6,2
Dell Latitude 7420 Laptop,Dell,11th Gen Core i7,16,512,Windows,14,4
HP ProBook 445 G7 Laptop,HP,AMD Ryzen 5 4500U,8,512,Windows,14,6
Lenovo V15 82C3002VGE Laptop,Lenovo,Celeron N4020,4,256,Windows,15.6,2
Dell Vostro 3425 D552267WIN9S Laptop,Dell,AMD Ryzen 5 5625U,16,512,Windows,14,6
Dell G15-5525 Gaming Laptop,Dell,Ryzen 9-6900HX,16,1000,Windows,15.6,8
Dell G15-5525 D560894WIN9S Gaming Laptop,Dell,Ryzen 7 6800H,16,512,Windows,15.6,8
Dell G15-5525 D560898WIN9S Gaming Laptop,Dell,Ryzen 7 6800H,16,1000,Windows,15.6,8
Dell G15-5521 D560899WIN9S Gaming Laptop,Dell,12th Gen Core i9,16,1000,Windows,15.6,14
Dell Inspiron 7620 Laptop,Dell,12th Gen Core i7,16,512,Windows,14.5,12
Acer Aspire 5 A515-57 Gaming Laptop,Acer,12th Gen Core i3,8,512,Windows,15.6,6
Acer Aspire 3 A315-58 NX.ADDSI.011 Laptop,Acer,11th Gen Core i3,8,512,Windows,15.6,2
Lenovo IdeaPad Slim 5 82SE005SIN Laptop,Lenovo,AMD Ryzen 5 5625U,16,512,Windows,15.6,6
Asus TUF Gaming A15 FA506IHRZ-HN112W Laptop,Asus,AMD Ryzen 5 4600H,8,1000,Windows,15.6,6
Asus Vivobook 14 OLED X1405ZA-KM511WS Laptop,Asus,12th Gen Core i5,16,512,Windows,14,10
Lenovo ThinkPad X1 Carbon 21CB002JIG Laptop,Lenovo,12th Gen Core i7,16,1000,Windows,14,10
Asus Vivobook 14 OLED X1405ZA-KM311WS Laptop,Asus,12th Gen Core i3,8,512,Windows,14,6
Dell Alienware M15 R6 Gaming Laptop,Dell,11th Gen Core i7,16,512,Windows,15.6,8
Lenovo IdeaPad Gaming 3 82K101E1IN Laptop,Lenovo,11th Gen Core i5,8,256,Windows,15.6,4
Asus Vivobook 15 OLED X1505ZA-L1311WS Laptop,Asus,12th Gen Core i3,8,512,Windows,15.6,6
Asus ROG Strix G17 2022 G713RS-LL023WS Gaming Laptop,Asus,AMD Ryzen 9 6900HX,16,1000,Windows,17.3,8
Lenovo V15 82C500XHIH Laptop,Lenovo,10th Gen Core i5,8,512,Windows,15.6,4
Lenovo IdeaPad 3 15IAU7 82RK0090IN Laptop,Lenovo,12th Gen Core i5,16,512,Windows,15.6,10
Lenovo Thinkpad L14 20X1CTO Laptop,Lenovo,11th Gen Core i5,16,512,Windows,14,4
AGB Octev VR-1818 Gaming Laptop,AGB,11th Gen Core i7,32,1000,Windows,15.6,4
Infinix INBook X2 Plus XL25 Laptop,Infinix,11th Gen Core i3,8,512,Windows,15.6,2
Dell XPS 13 Plus Laptop,Dell,12th Gen Core i7,16,1000,Windows,13.4,12
Lenovo IdeaPad Slim 3 82RJ005CIN Laptop,Lenovo,12th Gen Core i5,8,512,Windows,14,10
Asus E410KA-BV002W Laptop,Asus,Celeron N4500,4,256,Windows,14,2
MSI Creator Pro Z17 A12UMST-237IN Gaming Laptop,MSI,12th Gen Core i7,32,1000,Windows,16,14
Lenovo IdeaPad Flex 5 82R90068IN Laptop,Lenovo,AMD Ryzen 7 5700U,16,512,Windows,14,8
Dell XPS 9315 Laptop,Dell,12th Gen Core i5 ,16,512,Windows,13.4,10
Asus Vivobook S15 OLED S3502ZA-L701WS Laptop,Asus,12th Gen Core i7,16,512,Windows,15.6,14
Acer Aspire 3 UN.HVTSI.012 Laptop,Acer,AMD Ryzen 3 3250U,8,256,Windows,15.6,2
MSI Creator Z16P B12UKST-209IN Gaming Laptop,MSI,12th Gen Core i9,64,2000,Windows,17.3,14
Lenovo Yoga 6 82UD0069IN Laptop,Lenovo,Ryzen 5 5500U,16,512,Windows,13.3,6
HP 14s-fq0567AU Laptop,HP,AMD Ryzen 3 3250U,8,256,Windows,14,2
MSI Creator Pro M16 A12UJS-601IN Gaming Laptop,MSI,12th Gen Core i7,32,1000,Windows,16,14
HP Omen 17-ck1023TX Gaming Laptop,HP,12th Gen Core i9,32,2000,Windows,16.1,16
HP Omen 16-n0051AX Gaming Laptop,HP,AMD Ryzen 9 6900HX,32,1000,Windows,16.1,8
Lenovo ThinkPad E14 21E3S04X00 Laptop,Lenovo,12th Gen Core i5,8,512,Windows,14,10
HP Omen 16-k0370TX Gaming Laptop,HP,12th Gen Core i7,16,1000,Windows,16.1,14
Chuwi Gemibook Pro Laptop,Chuwi,Intel Celeron N5100,8,256,Windows,14,4
HP Omen 16-k0360TX Laptop,HP,12th Gen Core i7,16,1000,Windows,16.1,14
Lenovo Thinkbook 15 21DJA04LIH Laptop,Lenovo,12th Gen Core i5,16,512,Windows,15.6,10
Lenovo IdeaPad Gaming 3 82S900HNIN Laptop,Lenovo,12th Gen Core i5,16,512,Windows,15.6,8
HP Omen 16-n0054AX Gaming Laptop,HP,AMD Ryzen 7 6800H,16,1000,Windows,16.1,8
Lenovo Ideapad Flex 5 82R70068IN Laptop,Lenovo,12th Gen Core i5,8,512,Windows,14,10
HP Victus 15-fb0082AX Gaming Laptop,HP,AMD Ryzen 5 5600H,8,512,Windows,15.6,6
Dell XPS 9315 Laptop,Dell,12th Gen Core i7 ,16,512,Windows,13.4,10
HP Omen 16-n0049AX Gaming Laptop,HP,AMD Ryzen 7 6800H,16,512,Windows,16,8
HP Omen 16-n0050AX Gaming Laptop,HP,AMD Ryzen 7 6800H,16,512,Windows,16,8
Lenovo V14 Gen 2 ITL 82KAA001IH Laptop,Lenovo,11th Gen Core i5,8,0,DOS,14,4
Lenovo V15 82C30057IH Laptop,Lenovo,Intel Celeron N4020,4,0,Windows,15.6,2
Lenovo IdeaPad Gaming 3 82K201V2IN Laptop,Lenovo,AMD Ryzen 7 5800H,8,512,Windows,15.6,8
Lenovo ThinkPad E14 21E3S04W00 Laptop,Lenovo,12th Gen Core i5,16,512,Windows,14,10
Lenovo Thinkpad E14 Gen 21E3S05800 Laptop,Lenovo,12th Gen Core i7,16,1000,Windows,14,10
Lenovo Yoga 9 82LU008TIN Laptop,Lenovo,12th Ge Core i7,16,1000,Windows,14,14
Dell Vostro 3510 2022 Laptop,Dell,11th Gen Core i3,16,256,Windows,15.6,2
Acer One 14 Z2-493 Business Laptop,Acer,AMD Ryzen 5 3500U,16,512,Windows,14,4
Fujitsu UH-X 4ZR1K06212 Laptop,Fujitsu,12th Gen Core i7,16,512,Windows,13.3,10
HP Envy x360 13-bf0062TU Laptop,HP,12th Gen Core i7,16,512,Windows,13.3,10
Gigabyte G5 RC45MD Laptop,Gigabyte,11th Gen Core i5,16,512,Windows,15.6,6
Gigabyte G5 RC45GD Laptop,Gigabyte,11th Gen Core i5,16,512,Windows,15.6,6
Gigabyte G5 RC45KD Laptop,Gigabyte,11th Gen Core i5,16,512,Windows,15.6,6
MSI Katana GF66 11UE-249IN Gaming Laptop,MSI,11th Gen Core i7,16,512,Windows,15.6,8
Lenovo IdeaPad Gaming 3 15IAH7 82S900KQIN Laptop,Lenovo,12th Gen Core i5,16,512,Windows,15.6,8
Lenovo IdeaPad Gaming 3 15IHU6 82K101EDIN Laptop,Lenovo,11th Gen Core i5,8,512,Windows,15.6,4
Dell Latitude 3520 Laptop,Dell,11th Gen Core i3,8,256,Ubuntu,15.6,2
Honor MagicBook X15 BohrBR-WAH9F Laptop,Honor,10th Gen Core i5,8,256,Windows,15.6,4
Dell Vostro 3510 2022 Laptop,Dell,11th Gen Core i3,8,512,Windows,15.6,2
HP ProBook 450 G8 4Y7G3PA Laptop,HP,11th Gen Core i3,8,256,Windows,15.6,2
Dell Vostro 3510 2022 Laptop,Dell,11th Gen Core i3,16,512,Windows,15.6,2
Lenovo ThinkBook 14 20VDA0QTIH Laptop,Lenovo,11th Gen Core i5,8,512,DOS,14,4
Dell Vostro 3510 2022 Laptop,Dell,11th Gen Core i3,16,512,Windows,15.6,2
Dell Latitude 3420 Laptop,Dell,11th Gen Core i3,16,512,Ubuntu,14,2
Fujitsu UH-X 4ZR1J37875 Laptop,Fujitsu,12th Gen Core i5,16,512,Windows,13.3,10
Dell Latitude 3420 2022 Laptop,Dell,11th Gen Core i5,16,1000,Windows,14,4
Fujitsu UH-X 4ZR1J37876 Laptop,Fujitsu,12th Gen Core i7,16,512,Windows,13.3,10
Acer TravelMate TMB311-31 Laptop,Acer,Intel Pentium N5030,4,128,Windows,11.6,4
Lenovo IdeaPad Flex 5 81X10087IN Laptop,Lenovo,10th Gen Core i3,8,512,Windows,14,2
Lenovo ThinkPad E15 20TDS0TA00 Laptop,Lenovo,11th Gen Core i5,8,512,Windows,15.6,4
HP 250 G8 6X4B3PA Laptop,HP,11th Gen Core i3,8,512,Windows,15.6,2
Dell Vostro 5320 Laptop,Dell,12th Gen Core i5,16,512,Windows,13.3,12
HP Elitebook 840 G8 4S1H5PA Laptop,HP,11th Gen Core i5,8,512,Windows,14,4
HP Pavilion x360 14-ek0072TU Laptop,HP,12th Gen Core i5,16,512,Windows,14,10
Acer Predator Helios 300 PH315-55s Spatial Labs Edition Gaming Laptop,Acer,12th Gen Core i9,32,2000,Windows,15.6,14
Dell XPS 13 Plus Laptop,Dell,12th Gen Core i5,16,512,Windows,13.4,12
Acer Nitro 5 AN515-46 Laptop,Acer,AMD Ryzen 5 6600H,16,512,Windows,15.6,6
Acer Aspire 3 A315-23 Laptop,Acer,Ryzen 5 3500U,8,512,Windows,15.6,4
Asus TUF F15 FA507RE-HN043WS 2022 Gaming Laptop,Asus,AMD Ryzen 7 6800H,16,512,Windows,15.6,8
MSI GF63 Thin 10SC-848IN Gaming Laptop,MSI,10th Gen Core i5,8,512,Windows,15.6,6
Acer Aspire 5 A515-45-R1YC Laptop,Acer,Ryzen 5 5500U,8,256,Windows,15.6,6
Acer Nitro 5 AN515-46 Gaming Laptop,Acer,AMD Ryzen 7 6800H,16,1000,Windows,,0
Lenovo Legion 5 Pro 82RG009AIN Laptop,Lenovo,AMD Ryzen 7 6800H,16,1000,Windows,16,8
HP Omen 16-C0136AX Laptop,HP,AMD Ryzen 5 5600H,8,512,Windows,16.1,6
HP Envy x360 13-bf0058TU Laptop,HP,12th Gen Core i5,16,512,Windows,13.3,10
HP Omen 17-ck1022TX Gaming Laptop,HP,12th Gen Core i7,32,1000,Windows,16.1,16
Honor MagicBook 15 WDQ9CHNE Laptop,Honor,AMD Ryzen 5 5500U,8,256,Windows,15.6,6
HP Envy x360 16-h0028TX Laptop,HP,12th Gen Core i7,16,512,Windows,13.3,10
HP Envy 16-h0026tx Laptop,HP,12th Gen Core i9,32,1000,Windows,15.6,14
HP Envy 16-h0025tx Laptop,HP,12th Gen Core i9,16,1000,Windows,16,14
Lenovo Legion 5 Pro 82RG00EKIN Laptop,Lenovo,AMD Ryzen 7 6800H,32,1000,Windows,16,8
Lenovo Yoga Slim 7 Pro 82SV0053IN Laptop,Lenovo,12th Gen Core i7,16,512,Windows,14,12
Asus VivoBook 14 X415JA-BV322WS Laptop,Asus,10th Gen Core i3,8,512,Windows,14,2
Lenovo Yoga 6 82UD0068IN 2-in-1 Laptop,Lenovo,Ryzen 7 5700U,16,512,Windows,13.3,8
HP Chromebook 14a-na1004TU Laptop,HP,Celeron N4500,4,0,Chrome,14,2
Lenovo V14 G2-ITL 82KAA025IH Laptop,Lenovo,11th Gen Core i3,8,0,Windows,14,2
HP Envy x360 13-bf0063TU Laptop,HP,12th Gen Core i7,16,1000,Windows,13.3,10
Gigabyte Aero 5 XE4 OLED Laptop,Gigabyte,12th Gen Core i7,16,1000,Windows,15.6,14
Lenovo V14-IIL 82C4019YIH Laptop,Lenovo,10th Gen Core i5,4,256,Windows,14,4
Asus VivoBook 14 2022 X1402ZA-EK521WS Laptop,Asus,12th Gen Core i5,8,512,Windows,14,10
Asus VivoBook 14 2022 X1402ZA-MW512WS Laptop,Asus,12th Gen Core i5,16,512,Windows,14,12
Asus VivoBook 14 2022 X1402ZA-MW311WS Laptop,Asus,12th Gen Core i3,8,512,Windows,14,10
Lenovo Thinkpad E14 Gen 2 20TBS4K300 Laptop,Lenovo,11th Gen Core i5,8,512,DOS,14.1,4
Lenovo E41-55 ‎82C700FNGE Laptop,Lenovo,Athlon Pro 3045B,4,0,Windows,15.6,2
Dell Latitude 3420 Laptop,Dell,11th Gen Core i5,16,512,Windows,14,4
HP 250 G8 6G9R1PA Notebook,HP,11th Gen Core i3,8,512,DOS,15.6,0
Acer TravelMate TMP215-53 Laptop,Acer, Pentium Gold 7505,4,0,Windows,15.6,2
HP 430 G8 366B1PA Business Laptop,HP,11th Gen Core i7,8,512,Windows,13.3,0
MSI Creator M16 A11UC-669IN Laptop,MSI,11th Gen Core i7,16,512,Windows,16,8
Lenovo ThinkPad X1 Yoga 20XYS00R00 Laptop,Lenovo,11th Gen Core i7,16,1000,Windows,14,4
Lenovo ThinkPad T14 2021 20W0S03F00 Laptop,Lenovo,11th Gen Core i5,8,512,Windows,14,4
Huawei MateBook D14 Laptop,Huawei,10th Gen Core i5,8,512,Windows,14,4
Lenovo IdeaPad Slim 5 82FG01HAIN Laptop,Lenovo,11th Gen Core i5,16,512,Windows,15.6,4
Asus VivoBook 14 2021 X415KA-BV121WS Laptop,Asus,Intel Silver N6000,8,256,Windows,14.1,4
Dell Inspiron 3511 Laptop,Dell,11th Gen Core i3,8,512,Windows,15.56,2
Lenovo V14 G2-ITL ﻿82KAA05VIH Laptop,Lenovo,11th Gen Core i3,4,256,Windows,15,2
Huawei MateBook 14 2021‎ WDH9A Laptop,Huawei,11th Gen Core i5,8,512,Windows,14,4
Asus ROG Zephyrus G14 GA402RJZ-L4136WS Gaming Laptop,Asus,AMD Ryzen 9 6900HS,16,1000,Windows,14,8
HP Envy x360 13-bf0078TU Laptop,HP,12th Gen Core i5,8,512,Windows,13.3,10
Asus ROG Flow X16 2022 GV601RM-M5053WS Gaming Laptop,Asus,Ryzen 7 6800HS,16,1000,Windows,16,8
Asus ROG Flow X16 2022 GV601RM-M5039WS Gaming Laptop,Asus,Ryzen 9 6900HS,16,1000,Windows,16,8
Lenovo V14 Gen 2 82KAA002IH Laptop,Lenovo,11th Gen Core i5,8,512,DOS,14,4
Avita Pura E NS14A6 Laptop,Avita,10th Gen Core i3,8,256,Windows,14,2
Lenovo ThinkBook 13s ITL Gen 2 20V9A036IH Laptop,Lenovo,11th Gen Core i7,16,512,Windows,13,4
Lenovo Thinkpad T15P Gen 2 ‎21A7001LUS Laptop,Lenovo,11th Gen Core i7,16,512,Windows,14,8
Lenovo Ideapad Flex 5 82R700ASIN Laptop,Lenovo,12th Gen Core i3,8,512,Windows,14,6
Lenovo Ideapad Slim 3i 82H802EYIN Laptop,Lenovo,11th Gen Core i3,8,256,Windows,15.6,2
Lenovo IdeaPad Flex 5 82R7006HIN Laptop,Lenovo,11th Gen Core i5,16,512,Windows,14,4
Dell Vostro 3400 Laptop AMD,Dell,Ryzen 5 3450U,8,256,Windows,14,4
Lenovo Yoga Slim 7 Pro 82NC00FRIN Laptop,Lenovo,11th Gen Core i5,16,512,Windows,14,4
MSI Katana GF66 12UC-636IN Gaming Laptop,MSI,12th Gen Core i5,8,512,Windows,15.6,12
MSI Gaming Katana GF76 11UC-848IN Laptop,MSI,11th Gen Core i7,16,512,Windows,17.32,8
MSI Gaming Katana GF76 11UD-849IN Laptop,MSI,11th Gen Core i7,16,512,Windows,17.32,8
MSI Katana GF66 12UE-1001IN Gaming Laptop,MSI,12th Gen Core i5,16,512,Windows,15.6,12
MSI Gaming Katana GF66 12UE-1002IN Laptop,MSI,12th Gen Core i7,16,1000,Windows,15.6,14
Acer Swift X SFX14-41G Laptop,Acer,Ryzen 5 5600U,16,512,Windows,14,6
Lenovo V14-IGL ‎82C2S02K00 Laptop,Lenovo,Celeron N4020,4,256,Windows,14,2
HP 255 G8 6V2R7PA Laptop,HP,AMD Athlon 3050U,4,0,DOS,15.6,2
Acer Swift X SFX14-41G Laptop,Acer,AMD Ryzen 5 5600U,16,512,Windows,14,6
Asus TUF Gaming F15 FX566HCB-HN231T Gaming Laptop,Asus,11th Gen Core i7,8,1000,Windows,15.6,8
Dell Vostro 3400 Laptop,Dell,11th Gen Core i3,8,0,Windows,14,2
Asus ROG Flow X13 GV301RC-LJ073WS Gaming Laptop,Asus,AMD Ryzen 9 6900HS,32,1000,Windows,13.4,8
AGB Octev GA-9009 Gaming Laptop,AGB,11th Gen Core i7,16,1000,Windows,15.6,4
Lenovo Thinkbook 14 Gen 2 20VDA0G9IH Laptop,Lenovo,11th Gen Core i5,8,512,Windows,14,4
Asus ROG Flow X13 GV301RE-LJ156WS Gaming Laptop,Asus,AMD Ryzen 9 6900HS,32,1000,Windows,13.4,8
Gigabyte Aorus 5 SE4 Gaming Laptop,Gigabyte,12th Gen Core i7,16,512,Windows,15.6,14
HP Victus 15-fb0052AX Gaming Laptop,HP,AMD Ryzen 7 5800H,8,512,Windows,15.6,8
Lenovo Ideapad Flex 5 14IAU7 82R7006EIN Laptop,Lenovo,12th Gen Core i3,8,512,Windows,14,6
Lenovo Thinkpad L13 Gen 2 20VHS07500 Laptop,Lenovo,11th Gen Core i5,16,512,Windows,14,4
Lenovo 15ACH6 82JW00P5IN Laptop,Lenovo,Ryzen 5 5600H,16,512,Windows,15.6,6
Lenovo IdeaPad Slim 5 15ITL05 82SE0061IN Laptop,Lenovo,11th Gen Core i5,16,512,Windows,15.6,4
Acer Nitro 5 AN515-45 NH.QCLSI.004 Gaming Laptop,Acer,AMD Ryzen 5 5600H,8,512,Windows,15.6,6
Gigabyte Aero 5 KE4 OLED Laptop,Gigabyte,12th Gen Core i7,16,1000,Windows,15.6,14
Lenovo V14 G2-ITL 82KA00G8IH Laptop,Lenovo,11th Gen Core i3,4,256,DOS,14,2
Asus ROG Strix G17 2022 G713RW-KH110WS Gaming Laptop,Asus,AMD Ryzen 9 6900HX,16,1000,Windows,17.3,8
MSI Crosshair 15 B12UGZ-1012IN Gaming Laptop,MSI,12th Gen Core i7,16,1000,Windows,15.6,14
MSI Crosshair 15 B12UEZ-897IN Gaming Laptop,MSI,12th Gen Core i7,16,512,Windows,15.6,14
Lenovo V15 Gen 2 Laptop,Lenovo,11th Gen Core i3,8,512,Windows,15,2
Lenovo V15 82KDA01DIH Laptop,Lenovo,AMD Ryzen 3 5300U,8,256,Windows,15.6,4
Acer Spin 3 SP314-55N Laptop,Acer,12th Gen Core i5,16,512,Windows,14,10
Lenovo Legion 5 82JU00SYIN Laptop,Lenovo,AMD Ryzen 7 5800H,16,1000,Windows,16,8
Lenovo ThinkPad T14 20W0S1C800 Laptop,Lenovo,11th Gen Core i7,16,512,Windows,14,4
MSI Raider GE77HX 12UHS-205IN Gaming Laptop,MSI,12th Gen Core i9,32,2000,Windows,17.3,16
MSI Vector GP76 12UGSO-868IN Gaming Laptop,MSI,12th Gen Core i7,16,1000,Windows,17.3,14
MSI Creator M16 A12UD-633IN Laptop,MSI,12th Gen Core i7,16,512,Windows,16,14
MSI Alpha 15 B5EEK-235IN Laptop,MSI,Ryzen 7 5800H ,8,512,Windows,15.6,8
MSI Creator Pro M16 A12UIS-634IN Gaming Laptop,MSI,12th Gen Core i7,16,1000,Windows,16,14
MSI Thin GF63 11SC-1046IN Gaming Laptop,MSI,11th Gen Core i5,8,512,Windows,15.6,6
Asus ROG Strix Scar 17 SE G733CX-LL012WS Gaming Laptop,Asus,12th Gen Core i9,32,4000,Windows,17.3,16
Asus VivoBook 14 X415JA-EK324WS Laptop,Asus,10th Gen Core i3,8,512,Windows,14,2
Chuwi HeroBook Pro Laptop,Chuwi,Intel Celeron N4020,8,256,Windows,14.1,2
MSI Gaming Katana GF66 12UE-262IN Laptop,MSI,12th Gen Core i7,16,1000,Windows,15.6,14
Asus ROG Strix Scar 15 G533ZXZ-LN116WS Gaming Laptop,Asus,12th Gen Core i9,32,1000,Windows,15.6,14
MSI Katana GF76 11UE-485IN Laptop,MSI,11th Gen Core i7,16,512,Windows,17.32,8
MSI Delta 15 A5EFK-201IN Gaming Laptop,MSI,AMD Ryzen 7 5800H,16,1000,Windows,15.6,8
Asus VivoBook K15 OLED K513EA-L503WS Laptop,Asus,11th Gen Core i5,16,256,Windows,15.6,4
Asus VivoBook Pro 15 OLED K6500ZC-L502WS Laptop,Asus,12th Gen Core i5,16,512,Windows,15.6,8
Lenovo IdeaPad Slim 5 82SF004XIN Laptop,Lenovo,12th Gen Core i7,16,512,Windows,15.6,10
Lenovo V15 G2 82KDA00UIH Laptop,Lenovo,Ryzen 3 5300U,4,512,DOS,15.6,4
Lenovo IdeaPad 3 15ITL6 82H802KYIN Laptop,Lenovo,11th Gen Core i5,8,512,Windows,15.6,4
Lenovo ThinkBook 14 20VDA0THIH Laptop,Lenovo,11th Gen Core i5,8,512,Windows,14,4
Asus Vivobook S14 Flip 2022 TN3402QA-LZ501WS Laptop,Asus,AMD Ryzen 5-5600H,16,512,Windows,14,6
Lenovo Legion 5 15ACH6 82JU018YIN Gaming Laptop,Lenovo,Ryzen 7 5800H,16,512,Windows,15.6,8
Asus EeeBook E410KA-BV101WS Laptop,Asus,Pentium N6000,8,256,Windows,14.1,4
Lenovo V14-IGL Laptop,Lenovo,Celeron N4020,4,0,Windows,14,2
Acer Nitro 5 AN515-45 Gaming Laptop,Acer,AMD Ryzen 5 5600H,8,512,Windows,15.6,6
HP 14s-dy2508TU Laptop,HP,11th Gen Core i3,8,512,Windows,14,2
Asus VivoBook Ultra K14 K413EA-EB523WS Laptop,Asus,11th Gen Core i5,16,512,Windows,14,4
Xiaomi Notebook Pro 120G Laptop,Xiaomi,12th Gen Core i5,16,512,Windows,14,8
Asus VivoBook Pro 15 OLED K6500ZE-L501WS Laptop,Asus,12th Gen Core i5,16,512,Windows,15.6,8
Dell Inspiron 7420 D560828WIN9S Laptop,Dell,12th Gen Core i5,16,512,Windows,14,10
HP Spectre x360 13-ef0057TU Laptop,HP,12th Gen Core i5,16,512,Windows,13.5,10
Dell G15-5521 SE D560738WIN9B Laptop,Dell,12th Gen Core i7,16,1000,Windows,15.6,14
Gigabyte Aorus 15 XE5 Gaming Laptop,Gigabyte,12th Gen Core i7,16,1000,Windows,15.6,14
HP Spectre x360 16-f1009TX Laptop,HP,12th Gen Core i7,16,1000,Windows,16,12
Asus ROG Strix G17 G713RM-KH168W Gaming Laptop,Asus,AMD Ryzen 7 6800H,16,1000,Windows,17.3,8
HP Spectre x360 13-ef0052TU OLED Laptop,HP,12th Gen Core i5,8,512,Windows,13.5,10
Gigabyte Aorus 15 XE4 Gaming Laptop,Gigabyte,12th Gen Core i7,16,1000,Windows,15.6,14
Asus ROG Strix Scar 17 SE G733CX-LL013WS Gaming Laptop,Asus,12th Gen Core i9,32,2000,Windows,17.3,16
HP 255 G8 R3 Laptop,HP,AMD Ryzen 3,8,0,Windows,15.6,4
HP Victus 15-fb0053AX Gaming Laptop,HP,Ryzen 7-5800H,16,512,Windows,16.1,8
Acer Nitro AN515-57 Gaming Laptop,Acer,11th Gen Core i7,16,512,Windows,15.6,8
Acer Nitro 5 AN515-58 Gaming Laptop,Acer,12th Gen Core i5,16,512,Windows,15.6,8
Acer Nitro AN515-57 UN.QEHSI.003 Gaming Laptop,Acer,Intel Core i5,16,512,Windows,15.6,6
Asus Vivobook 15 2022 X1502ZA-EZ511WS Laptop,Asus,12th Gen Core i5,16,512,Windows,15.6,12
Asus ROG Zephyrus G15 2022 GA503RM-HQ030WS Gaming Laptop,Asus,AMD Ryzen 9 6900HS,16,1000,Windows,15.6,8
Asus Zenbook Flip 14 OLED UP5401ZA-KN711WS Laptop,Asus,12th Gen Core i7,16,1000,Windows,14,14
Asus ProArt StudioBook Pro 16 H7600ZM-L901WS Laptop,Asus,12th Gen Core i9,16,1000,Windows,16,14
Asus ROG Zephyrus G15 GA503RM-LN095WS Gaming Laptop,Asus,AMD Ryzen 9 6900HS,16,1000,Windows,15.6,8
Asus ProArt StudioBook Pro 16 H7600ZW-L711WS Laptop,Asus,12th Gen Core i7,32,1000,Windows,16,14
MSI Stealth GS77 12UGS Gaming Laptop,MSI,12th Gen Core i7,32,2000,Windows,17.3,14
Asus ProArt StudioBook Pro 16 OLED H7600ZW-L911W Laptop,Asus,12th Gen Core i9,32,1000,Windows,16,14
Gigabyte Aorus 5 KE4 Gaming Laptop,Gigabyte,12th Gen Core i7,16,1000,Windows,15.6,14
Dell Latitude 3420 Laptop,Dell,11th Gen Core i3,4,256,Ubuntu,14,2
Dell Latitude 3420 Laptop,Dell,11th Gen Core i3,4,256,Ubuntu,14,2
HP 250 G8 64Q91PA Laptop,HP,11th Gen Core i5,8,0,Windows,15.6,4
Dell Latitude 3420 Laptop,Dell,11th Gen Core i3,4,512,Ubuntu,14,2
Lenovo IdeaPad Gaming 3 15ACH6 82K201Y8IN Laptop,Lenovo,AMD Ryzen 7-5800H,8,512,Windows,15.6,8
Acer Aspire 3 A314-35 UN.K0SSI.033 Laptop,Acer, Pentium Silver N6000,8,256,Windows,14,4
Asus VivoBook 15 X515JA-EJ552WS Laptop,Asus,10th Gen Core i5,8,512,Windows,15.6,4
MSI Vector GP66 12UGSO-623IN Gaming Laptop,MSI,12th Gen Core i7,16,1000,Windows,15.6,14
Acer Aspire 3 A314-35 UN.K0SSI.030 Laptop,Acer, Pentium Silver N6000,4,256,Windows,14,4
MSI Vector GP66 GP76-12UGSO Gaming Laptop,MSI,12th Gen Core i7,16,1000,Windows,17.3,14
Asus ZenBook Pro Duo 14 OLED UX8402ZA-LM711WS Laptop,Asus,12th Gen Core i7,16,1000,Windows,14.5,14
Asus ZenBook Pro Duo 14 OLED UX8402ZE-LM921WS Laptop,Asus,12th Gen Core i9,32,1000,Windows,14.5,14
Asus ZenBook Pro Duo 14 OLED 2022 UX8402ZA-M501WS Laptop,Asus,12th Gen Core i5,16,512,Windows,14.5,12
Dell Inspiron 3525 D560831WIN9SE Laptop,Dell,AMD Ryzen 3 3250U,8,256,Windows,15.6,2
Asus TUF Gaming A15 2022 FA577RM-HF031WS Gaming Laptop,Asus,AMD Ryzen 7 6800H,16,1000,Windows,15.6,8
Dell Alienware x15 R2 D569941WIN9 Gaming Laptop,Dell,12th Gen Core i7,32,1000,Windows,15.6,8
HP Victus 15-fa0353TX Laptop,HP,12th Gen Core i7,16,512,Windows,15.6,10
HP Spectre x360 13-ef0054TU Laptop,HP,12th Gen Core i7,16,1000,Windows,13.5,14
Lenovo IdeaPad Gaming 3 15IAH7 82S900RAIN Laptop,Lenovo,12th Gen Core i5,16,512,Windows,15.6,8
Lenovo IdeaPad Gaming 3 82K201YCIN Laptop,Lenovo,AMD Ryzen 5-5600H,8,512,Windows,15.6,6
Asus VivoBook 14 X415EA-EK322WS Notebook,Asus,11th Gen Core i3,8,512,Windows,14,2
Acer Aspire 3 A315-23 UN.HVTSI.015 Laptop,Acer,AMD Ryzen 5 3500U,8,512,Windows,15.6,4
Acer Aspire 3 A315-23 UN.HVTSI.010 Laptop,Acer,AMD Ryzen 3 3250U,8,512,Windows,15.6,2
Asus ROG Strix G15 2022 G513RW-HQ149WS Gaming Laptop,Asus,AMD Ryzen 9 6900HX,16,1000,Windows,15.6,8
Asus ROG Strix G15 2022 G513RS-HQ024WS Gaming Laptop,Asus,AMD Ryzen 9 6900HX,16,1000,Windows,15.6,8
Dell Inspiron 5410 ICC-C782512WIN8 Laptop,Dell,11th Gen Core i5,8,512,Windows,14,4
Lenovo IdeaPad Slim 3 82RK00EDIN Laptop,Lenovo,12th Gen Core i5,8,512,Windows,15.6,10
Acer Aspire 3 A315-58 Laptop,Acer,11th Gen Core i5,16,512,Windows,15.6,4
Acer Nitro 5 AN515-58 Laptop,Acer,12th Gen Core i7,16,1000,Windows,15.6,14
LG Gram 14 14Z90Q-G.AJ56A2 Laptop,LG,12th Gen Core i5,8,512,Windows,14,12
Dell Alienware X17 R2 D569943WIN9 Gaming Laptop,Dell,12th Gen Core i7,32,1000,Windows,17.3,14
Asus TUF Gaming A17 FA706IHR-HX031W Gaming Laptop,Asus,AMD Ryzen 5 4600H,8,512,Windows,17.3,6
Asus ROG Strix G15 2022 G513RW-HQ137WS Gaming Laptop,Asus,AMD Ryzen 9 6900HX,16,1000,Windows,15.6,8
Lenovo Thinkbook 14 Gen 2 20VD011CIH Laptop,Lenovo,11th Gen Core i5,8,512,Windows,14,4
Asus ROG Strix G15 G513RM-HF328WS Gaming Laptop,Asus,Ryzen 7 6800H,16,1000,Windows,15.6,8
HP Victus 15-fa0351TX Laptop,HP,12th Gen Core i7,8,512,Windows,15.6,10
HP 15s-eq1561AU Laptop,HP,AMD Ryzen 3 3250U,8,256,Windows,15.6,2
Asus ROG Zephyrus M16 GU603ZM-K8034WS Laptop,Asus,12th Gen Core i7,16,512,Windows,16,14
Asus TUF Gaming F15 FX506HC-HN119W Gaming Laptop,Asus,11th Gen Core i5,8,1000,Windows,15.6,6
Asus ROG Strix G15 G513QR-HF302WS Gaming Laptop,Asus,Ryzen 7 5800H,16,1000,Windows,15.6,8
HP Pavilion x360 14-dy0212TU Laptop,HP,11th Gen Core i3,8,256,Windows,14,4
Lenovo IdeaPad Slim 3 81X800LAIN Laptop,Lenovo,11th Gen Core i3,8,512,Windows,15.6,2
Lenovo Thinkpad P15s 20W7S1H800 Laptop,Lenovo,11th Gen Core i7,32,1000,Windows,15.6,4
HP 14s-dq3037tu Laptop,HP,Intel Celeron N4500,8,256,Windows,14,2
HP Pavilion x360 14-ek0088TU Laptop,HP,12th Gen Core i7,16,512,Windows,14,10
Asus Vivobook S14 Flip 2022 TN3402QA-LZ511WS Laptop,Asus,AMD Ryzen 5-5600H,16,512,Windows,14,6
Acer Aspire 7 A715-42G UN.QAYSI.006 Gaming Laptop,Acer,AMD Ryzen 5-5500U,16,512,Windows,15.6,6
Acer Aspire 3 A314-22 NX.HVVSI.007 Laptop,Acer,AMD 3020e,4,0,Windows,14,2
Dell Inspiron 3525 Laptop,Dell,AMD Ryzen 3 3250U,8,256,Windows,15.6,2
Lenovo ThinkPad T14  20W0S1HW00 Laptop,Lenovo,11th Gen Core i7,16,512,Windows,14,4
Lenovo Ideapad Gaming 3 82K201UMIN Laptop,Lenovo,Ryzen 7 5800H,16,512,Windows,15.6,8
Dell Vostro 5625 laptop,Dell,AMD Ryzen 7-5825U,16,512,Windows,16,8
Asus Vivobook Pro 15 M3500QC-L901WS Gaming Laptop,Asus,Ryzen 9 5900HX,16,1000,Windows,15.6,8
Lenovo IdeaPad 3 82RK0064IN Laptop,Lenovo,12th Gen Core i5,8,512,Windows,15.6,10
Lenovo IdeaPad Gaming 3 82K101A4IN Laptop,Lenovo,11th Gen Core i5,8,512,Windows,15.6,4
Fujitsu UH-X FPC01319LK Laptop,Fujitsu,11th Gen Core i5,16,512,Windows,13.3,4
Fujitsu UH-X FPC02568LK Laptop,Fujitsu,11th Gen Core i5,16,512,Windows,13.3,4
Fujitsu CH FPC02548LK Laptop,Fujitsu,11th Gen Core i5,16,512,Windows,13.3,4
Fujitsu UH-X FPC02569LK Laptop,Fujitsu,11th Gen Core i7,16,512,Windows,13.3,4
Dell Alienware M15 ICC-C780002WIN8 Laptop,Dell, AMD Ryzen 7-5800H,16,512,Windows,15.6,8
Lenovo IdeaPad Gaming 3 82K1019AIN Laptop,Lenovo,11th Gen Core i5,8,256,Windows,15.6,4
HP Spectre X360 16-f1003TU Laptop,HP,12th Gen Core i7,16,512,Windows,16,14
HP Pavilion 14-eh0021TU Laptop,HP,12th Gen Core i5,16,512,Windows,14,12
HP Victus 15-fa0073TX Laptop,HP,12th Gen Core i7,8,512,Windows,15.6,10
HP Pavilion 14-eh0025TU Laptop,HP,12th Gen Core i5,16,512,Windows,14,12
Lenovo Yoga 7 Flip 82QE009SIN Laptop,Lenovo,12th Gen Core i7,16,512,Windows,14,12
Lenovo IdeaPad Gaming 3 15ACH6 82K201UXIN Laptop,Lenovo,Ryzen 7 5800H,16,512,Windows,15.6,8
Acer Aspire 5 NX.K6SSI.002 Laptop,Acer,12th Gen Core i3,8,512,Windows,15.6,6
Asus TUF Gaming F15 FX506HC-HN362WS Gaming Laptop,Asus,11th Gen Core i5,16,512,Windows,15.6,6
Acer Aspire 7 A715-5G UN.QGBSI.002 Gaming Laptop,Acer,12th Gen Core i5,16,512,Windows,15.6,12
Dell Vostro 3525 Laptop,Dell,AMD Ryzen7 5825U,8,512,Windows,15.6,8
LG Gram 16Z90Q-G.AJ54A2 Laptop,LG,12th Gen Core i5,8,512,Windows,16,12
Dell Vostro 3425 Laptop,Dell,AMD Ryzen 5 5625U,8,512,Windows,14,6
Asus TUF Gaming F15 FX506LHB-HN357W Gaming Laptop,Asus,10th Gen Core i5,8,1000,Windows,15.6,4
Asus ROG Flow X13 GV301RC-LJ022WS Gaming Laptop,Asus,AMD Ryzen 7 6800HS ,16,1000,Windows,13.4,8
Asus ROG Zephyrus G14 2022 GA402RK-L8148WS Gaming Laptop,Asus,AMD Ryzen 9 6900HS,32,1000,Windows,14,8
Asus ROG Flow X13 GV301RE-LJ199WS Gaming Laptop,Asus,AMD Ryzen 7 6800HS ,32,1000,Windows,13.4,8
Asus ROG Flow X13 GV301RE-LI201WS Gaming Laptop,Asus,AMD Ryzen 7 6800HS ,32,1000,Windows,13.4,8
Asus ROG Zephyrus G15 2022 GA503RM-LN143WS Gaming Laptop,Asus,AMD Ryzen 7 6800HS,16,1000,Windows,15.6,8
Asus ROG Zephyrus G15 2022 GA503RM-HQ142WS Gaming Laptop,Asus,AMD Ryzen 7 6800HS,16,1000,Windows,15.6,8
Asus ROG Zephyrus Duo 16 2022 GX650RXZ-LB226WS Gaming Laptop,Asus, AMD 9 6900HX,32,2000,Windows,16,8
Asus ROG Zephyrus G15 2022 GA503RS-HQ027WS Gaming Laptop,Asus,AMD Ryzen 9 6900HS,16,1000,Windows,15.6,8
Asus ROG Zephyrus Duo 16 2022 GX650RXZ-LS228WS Gaming Laptop,Asus, AMD 9 6900HX,32,2000,Windows,16,8
Asus ROG Zephyrus G14 GA402RJ-L8182WS Gaming Laptop,Asus,AMD Ryzen 7 6800HS,16,1000,Windows,14,8
Asus ROG Zephyrus G15 2022 GA503RM-HQ111WS Gaming Laptop,Asus,AMD Ryzen 7 6800HS,16,1000,Windows,15.6,8
Asus ROG Flow X16 2022 GV601RE-M6012WS Gaming Laptop,Asus,Ryzen 7 6800HS,16,1000,Windows,16,8
Asus ROG Zephyrus Duo 16 GX650RMZ-LS019WS Gaming Laptop,Asus, AMD Ryzen 7 6800H,32,2000,Windows,16,8
Asus ROG Zephyrus G15 2022 GA503RW-LN067WS Gaming Laptop,Asus,AMD Ryzen 9 6900HS,16,1000,Windows,15.6,8
Asus ROG Flow X16 2022 GV601RM-M6054WS Gaming Laptop,Asus,Ryzen 7 6800HS,16,1000,Windows,16,8
Asus ROG Zephyrus Duo 16 2022 GX650RXZ-LO227WS Gaming Laptop,Asus, AMD 9 6900HX,32,2000,Windows,16,8
Asus ROG Flow X13 GV301RA-LJ031WS Gaming Laptop,Asus,AMD Ryzen 7 6800HS ,16,1000,Windows,13.4,8
Asus ROG Zephyrus G15 GA503RW-LN066WS Gaming Laptop,Asus,AMD Ryzen 9 6900HS,16,1000,Windows,15.6,8
HP Pavilion x360 14-ek0092TU Laptop,HP,12th Gen Core i7,16,512,Windows,14,10
Dell Inspiron 7620 Laptop,Dell,12th Gen Core i5,8,512,Windows,16,10
HP Pavilion x360 14-ek0078TU Laptop,HP,12th Gen Core i5,16,512,Windows,14,10
Asus Zenbook Flip 14 OLED UP5401ZA-KN701WS Laptop,Asus,12th Gen Core i7,16,512,Windows,14,14
Asus Vivobook Flip 14 TP3402ZA-LZ511WS Laptop,Asus,12th Gen Core i5,16,512,Windows,14,12
HP 15s-fq2672TU Laptop,HP,11th Gen Core i3,8,512,Windows,15.6,2
Asus Vivobook Flip 14 TP3402ZA-LZ501WS Laptop,Asus,12th Gen Core i5,8,512,Windows,14,12
HP 15s-fq2674TU Laptop,HP,11th Gen Core i3,8,512,Windows,15.6,2
Asus TUF Gaming A17 FA706IC-HX036W Laptop,Asus,Ryzen 7 4800H,8,512,Windows,17.3,8
Lenovo Legion 5 Pro 82JD005LIN Gaming Laptop,Lenovo,11th Gen Core i7,32,1000,Windows,16,8
Asus VivoBook Ultra 14,Asus,2022) X413EA-EB322WS Laptop ,8,512,Windows,14,2
MSI GF75 Thin 10SC-611IN Laptop,MSI,10th Gen Core i5,8,256,Windows,15.6,6
Dell Inspiron 3511 D560803WIN9B Laptop,Dell,11th Gen Core i5,8,256,Windows,15.6,4
Asus VivoBook 14 X415JA-EB521WS Laptop,Asus,10th Gen Core i5,8,512,Windows,14,4
Lenovo IdeaPad Gaming 3 82K101EEIN Laptop,Lenovo,11th Gen Core i5,8,512,Windows,15.6,4
Lenovo ThinkBook 15 20VEA0YNIH Laptop,Lenovo,11th Gen Core i5,8,512,Windows,15.6,4
Dell Latitude 5420 Business Laptop,Dell,11th Gen Core i3,8,512,Windows,14,4
Lenovo Thinkbook 14 20VDA0KNIH Laptop,Lenovo,11th Gen Core i5,8,512,Windows,14,4
MSI Alpha 15 B5EEK-029IN Laptop,MSI,Ryzen 5 5600H ,16,512,Windows,15.6,6
HP Victus 15-fb0051AX Gaming Laptop,HP,Ryzen 5-5600H,8,512,Windows,15.6,6
HP Pavilion 14s- fy1003AU Laptop,HP,Ryzen 5 5500U,16,512,Windows,14,6
Asus VivoBook Ultra X415JA-EB531WS Laptop,Asus,10th Gen Core i5,16,512,Windows,14,4
Dell Vostro 3420 D552299WIN9BE Laptop,Dell,11th Gen Core i3,8,256,Windows,14,2
Dell XPS 15 9520 Laptop,Dell,12th Gen Core i7 ,16,512,Windows,15.6,14
HP Pavilion 14s-fy1005AU Laptop,HP,Ryzen 7 5700U,16,512,Windows,14,8
Asus TUF Gaming A17 FA706IC-HX055W Laptop,Asus,Ryzen 7 4800H,8,1000,Windows,17.3,8
Dell Vostro 5620 Laptop,Dell,12th Gen Core i5,16,512,Windows,16,12
Lenovo Yoga 6 82UD0088IN 2-in-1 Laptop,Lenovo,Ryzen 7 5700U,16,512,Windows,13.3,8
Dell Vostro 5620 Laptop,Dell,12th Gen Core i5,8,512,Windows,16,12
Asus EeeBook 14 E410KA-BV121WS Laptop,Asus,Pentium Silver N6000,4,256,Windows,14,4
Dell Vostro 3420 D552276WIN9BE Laptop,Dell,11th Gen Core i3,8,512,Windows,14,2
Dell XPS 13 9320 Laptop,Dell,12th Gen Core i5,16,512,Windows,13.4,12
HP Victus 16-E0301Ax Gaming Laptop,HP,Ryzen 5 5600H,8,512,Windows,16.1,6
HP 15s-fq2673TU Laptop,HP,11th Gen Core i3,8,512,Windows,15.6,2
LG Gram 17Z90Q-G.AH75A2 Laptop,LG,12th Gen Core i7,16,512,Windows,17,12
LG Gram 17 17Z90Q-G.AJ55A2 Laptop,LG,12th Gen Core i5,8,512,Windows,17,12
Asus TUF Gaming F15 FX506HC-HN089WS Gaming Laptop,Asus,11th Gen Core i5,8,512,Windows,15.6,6
MSI Stealth 15M B12UE Gaming Laptop,MSI,12th Gen Core i7,16,1000,Windows,15.6,14
HP Pavilion x360 14-ek0086TU Laptop,HP,12th Gen Core i5,8,512,Windows,14,10
HP Envy x360 13-ay1062AU Laptop,HP,Ryzen 5 5600U,8,512,Windows,13.3,6
LG Gram 14 14Z90Q-G.AH75A2 Laptop,LG,12th Gen Core i7,16,512,Windows,14,12
Asus ROG Strix G17 2022 G713RW-LL133WS Gaming Laptop,Asus,AMD Ryzen 9 6900HX,16,1000,Windows,17.3,8
LG Gram 16Z90Q-G.AH75A2 Laptop,LG,12th Gen Core i7,16,512,Windows,16,12
Asus TUF Gaming A15 FA506ICB-HN075W Laptop,Asus,Ryzen 7 4800H,16,512,Windows,15.6,8
LG Gram 17Z90Q-G.AH78A2 Laptop,LG,12th Gen Core i7,16,1000,Windows,17,12
Dell G15-5525 Gaming Laptop,Dell,Ryzen 7 6800H,16,512,Windows,15.6,8
Dell G15-5525 Gaming Laptop,Dell,Ryzen 5 6600H,8,512,Windows,15.6,6
Lenovo IdeaPad Slim 3 82RK0085IN Laptop,Lenovo,12th Gen Core i5,16,512,Windows,15.6,10
MSI Crosshair 15 B12UEZ-037IN Gaming Laptop,MSI,12th Gen Core i7,16,1000,Windows,15.6,14
MSI Gaming Raider GE66 12UHS-218IN Gaming Laptop,MSI,12th Gen Core i7,32,2000,Windows,17.3,14
Dell  G15-5525 Laptop,Dell,Ryzen 7 6800H,16,512,Windows,15.6,8
Dell G15-5525 Gaming Laptop,Dell,Ryzen 5 6600H,16,512,Windows,15.6,6
Dell G15-5525 Gaming Laptop,Dell,Ryzen 7 6800H,16,512,Windows,15.6,8
Lenovo ThinkPad P14s 20VXS0G800 Laptop,Lenovo,11th Gen Core i7,16,512,Windows,14,4
MSI GP66 Leopard 11UG-693IN Gaming Laptop,MSI,11th Gen Core i7,16,1000,Windows,15.6,8
HP Spectre x360 13-ef0053TU Laptop,HP,12th Gen Core i7,16,512,Windows,13.5,10
MSI Sword 15 A12UD-471IN  Gaming Laptop,MSI,12th Gen Core i5,16,512,Windows,15.6,12
MSI Katana GF66 12UD-472IN Gaming Laptop,MSI,12th Gen Core i5,16,512,Windows,15.6,12
Lenovo Thinkpad P15v 21AAS0R500 Laptop,Lenovo,11th Gen Core i9,32,1000,Windows,15.6,8
Asus ROG Strix G17 2022 G713RW-LL111WS Gaming Laptop,Asus,AMD Ryzen 9 6900HX,16,1000,Windows,17.3,8
Microsoft Surface GO 2 8QF-00046 Laptop,Microsoft,11th Gen Core i5,8,256,Windows,12.4,4
Dell Inspiron 7420 2-in-1 Touch Laptop,Dell,12th Gen Core i3,8,512,Windows,14,6
Lenovo V14  82KAA01SIH Laptop,Lenovo,11th Gen Core i3,4,256,Windows,15,2
HP Victus 16-e1062AX Gaming Laptop,HP,AMD Ryzen 5 6600H,8,512,Windows,16.1,6
HP Victus 16-e1060AX Gaming Laptop,HP,AMD Ryzen 7 6800H,16,512,Windows,16.1,8
HP Victus 16-e0305ax Gaming Laptop,HP,AMD Ryzen 7 5800H,8,512,Windows,16.1,8
Microsoft Surface GO 2 8QC-00021 Laptop,Microsoft,11th Gen Core i5,8,128,Windows,12.4,4
Acer TravelMate TMP214-53 Laptop,Acer,11th Gen Core i3,8,256,Windows,14,2
Acer TravelMate TMP214-53 Laptop,Acer,11th Gen Core i5,8,512,Windows,14,4
Acer TravelMate TMP214-53 Laptop,Acer,11th Gen Core i3,8,512,Windows,14,2
Acer Aspire 3 A315-58 Laptop,Acer,11th Gen Core i3,8,256,Windows,15.6,2
Acer Nitro 5 AN515-57 UN.QEHSI.004 Laptop,Acer,11th Gen Core i5,8,256,Windows,15.6,6
Acer TravelMate TMP214-53 Business Laptop,Acer,11th Gen Core i5,16,512,Windows,14,4
Lenovo Legion 5 82JK00BEIN Laptop,Lenovo,11th Gen Core i7,16,512,Windows,15.6,8
Lenovo IdeaPad Slim 3 81X800LGIN Laptop,Lenovo,11th Gen Core i3,8,512,Windows,15.6,0
Acer Aspire 3 A315-59 Laptop,Acer,12th Gen Core i5,8,512,Windows,15.6,10
Dell Inspiron 3525 Laptop,Dell,AMD Ryzen7 5825U,8,512,Windows,15.6,8
Asus TUF Gaming F17 FX777ZE-HX052WS Laptop,Asus,12th Gen Core i7,16,1000,Windows,17.3,14
Acer Nitro 5 AN515-45 NH.QBCSI.00F Gaming Laptop,Acer,AMD Ryzen 5 5600H,16,512,Windows,15.6,6
Dell Inspiron 7420 Laptop,Dell,12th Gen Core i5,8,512,Windows,14,10
Asus Vivobook S15 OLED S3502ZA-L702WS Laptop,Asus,12th Gen Core i7,16,512,Windows,15.6,14
Lenovo Thinkpad E14 Gen 2 20TAS14C00 Laptop,Lenovo,11th Gen Core i3,8,512,DOS,14,2
Asus ZenBook S13 UM5302TA-LX701WS Laptop,Asus,AMD Ryzen 7 6800U,16,1000,Windows,13.3,8
Asus ZenBook S13 UM5302TA-LX501WS Laptop,Asus,AMD Ryzen 5 6600U,16,512,Windows,13.3,6
Asus TUF Dash F15 2022 FX517ZE-HN036WS Gaming Laptop,Asus,12th Gen Core i7,16,512,Windows,15.6,10
Lenovo IdeaPad Gaming 3 81Y401BHIN Gaming Laptop,Lenovo,10th Gen Core i7,8,512,Windows,15.6,6
Lenovo ThinkBook 15 21A4A09SIH Laptop,Lenovo,AMD Ryzen 3 5300U,8,256,Windows,15.6,4
Asus VivoBook 14 2022 X1402ZA-EB512WS Laptop,Asus,12th Gen Core i5,16,512,Windows,14,12
Asus VivoBook 14 2022 X1402ZA-EB311WS Laptop,Asus,12th Gen Core i3,8,512,Windows,14,10
Asus ROG Flow Z13 2022 GZ301ZE-LC193WS Gaming Laptop,Asus,12th Gen Core i9,16,1000,Windows,13.4,14
Asus ROG Flow Z13 2022 GZ301ZE-LD064WS Gaming Laptop,Asus,12th Gen Core i9,16,1000,Windows,13.4,14
Asus ROG Flow Z13 2022 GZ301ZC-LD123WS Gaming Laptop,Asus,12th Gen Core i7,16,512,Windows,13.4,14
Asus ROG Flow Z13 2022 GZ301ZA-LD049WS Gaming Laptop,Asus,12th Gen Core i5,16,512,Windows,13.4,12
Asus TUF Dash F15 2022 FX517ZR-HQ030WS Gaming Laptop,Asus,12th Gen Core i7,16,1000,Windows,15.6,10
Asus ROG Flow Z13 2022 GZ301ZE-LC192WS Gaming Laptop,Asus,12th Gen Core i9,16,1000,Windows,13.4,14
Asus TUF Dash F15 2022 FX517ZC-HN107WS Gaming Laptop,Asus,12th Gen Core i7,16,512,Windows,15.6,10
Acer Aspire 5 A515-56 UN.A1ESI.022,Acer,11th Gen Core i5,8,512,Windows,15.6,4
MSI GS76 Stealth 11UE-631IN 9S7-17M111-631 Gaming Laptop,MSI,11th Gen Core i7,16,1000,Windows,15.6,8
Infinix INBook X1 Slim XL21 Laptop,Infinix,10th Gen Core i5,8,512,Windows,14,4
Acer Predator Helios 300 PH315-55 NH.QGPS.003 Gaming Laptop,Acer,12th Gen Core i7,16,1000,Windows,15.6,14
Lenovo ThinkBook 15 21A4A09UIH Laptop,Lenovo,AMD Ryzen 5 5500U,8,512,Windows,15.6,6
Lenovo ThinkPad E14 20TAS16F00 Laptop,Lenovo,11th Gen Core i3,4,256,DOS,14,2
Lenovo Legion 5 15IMH6 82NL00APIN Gaming Laptop,Lenovo,10th Gen Core i5,8,512,Windows,15.6,6
Asus ROG Strix G15 Advantage Edition G513QY-HQ032WS Gaming Laptop,Asus,Ryzen 9 5900HX,16,1000,Windows,15.6,8
Asus TUF Gaming F15 FX507ZM-HF068WS Laptop,Asus,12th Gen Core i7,16,1000,Windows,15.6,14
Infinix INBook X1 Slim Series XL21 Laptop,Infinix,10th Gen Core i3,8,256,Windows,14,2
Infinix INBook X1 Slim Series XL21 Laptop,Infinix,10th Gen Core i7,16,512,Windows,14,4
Asus ZenBook Pro Duo 15 OLED 2021 UX582HM-H701WS Laptop,Asus,11th Gen Core i7,16,1000,Windows,15.6,8
Dell XPS 15 9520 Laptop,Dell,12th Gen Core i7 ,32,1000,Windows,15.6,14
Dell Vostro 3515 Laptop,Dell,Athlon 3050U,8,256,Windows,15.6,2
Lenovo ThinkBook 15 20VEA0YQIH Laptop,Lenovo,11th Gen Core i3,8,256,Windows,15.6,2
HP Omen 16-B1371TX Gaming Laptop,HP,12th Gen Core i7,16,1000,Windows,16.1,14
Asus VivoBook 15 X512DA-BQ303WS Laptop,Asus,Ryzen 3 3250U,8,256,Windows,15.6,2
Dell Vostro 3515 Laptop,Dell,Ryzen 3 3250U,8,256,Windows,15.6,2
Asus Strix G15 G513RM-HF274WS Gaming Laptop,Asus,Ryzen 7 6800H,16,1000,Windows,15.6,8
HP Omen 16-b1350TX Laptop,HP,12th Gen Core i7,16,1000,Windows,16.1,14
Asus TUF Gaming A17 FA777RC-HX027WS Laptop,Asus,Ryzen 7 6800H,16,512,Windows,17.3,8
Lenovo ThinkBook 14 G2 20VDA0QMIH Laptop,Lenovo,11th Gen Core i3,8,512,DOS,14,2
Asus Vivobook 15 Touch X515EA-EZ311WS Laptop,Asus,11th Gen Core i3,8,512,Windows,15.6,2
Asus Vivobook 15 Touch X515EA-EZ501WS Laptop,Asus,11th Gen Core i5,8,512,Windows,15.6,4
Asus TUF Gaming F17 FX777ZC-HX069W Gaming Laptop,Asus,12th Gen Core i5,16,512,Windows,17.3,12
Lenovo ThinkBook 15 21A4A09RIH Laptop,Lenovo,AMD Ryzen 5 5500U,16,512,Windows,15.6,6
Asus TUF A17 FA766IC-HX005W Gaming Laptop,Asus,Ryzen 7 4800H,16,512,Windows,17.3,8
MSI Thin GF63 11UC-850IN Gaming Laptop,MSI,11th Gen Core i7,8,512,Windows,15.6,8
MSI Sword 15 A12UC-467IN Gaming Laptop,MSI,12th Gen Core i5,16,1000,Windows,15.6,12
MSI Thin GF63 11UC-851IN Gaming Laptop,MSI,11th Gen Core i5,8,512,Windows,15.6,6
Apple MacBook Pro 2022 Laptop,Apple,Apple M2,8,256,Mac,13.3,8
HP Pavilion 15s-fy5001TU Laptop,HP,12th Gen Core i5,8,512,Windows,15.6,12
Lenovo IdeaPad Gaming 3 15IHU6 82K101A3IN Laptop,Lenovo,11th Gen Core i5,16,512,Windows,15.6,4
HP Victus 16-d0354TX Laptop,HP,11th Gen Core i5,8,512,Windows,16.1,6
Asus TUF Gaming A15 FA506IC-HN100W Laptop,Asus,Ryzen 7 4800H,8,1000,Windows,15.6,8
Lenovo ThinkBook 15 20VEA0YPIH Laptop,Lenovo,11th Gen Core i3,8,512,Windows,15.6,2
Asus TUF Gaming F15 FX577ZE-HN072WS Laptop,Asus,12th Gen Core i7,16,1000,Windows,15.6,0
HP Victus 16-d0361TX Laptop,HP,11th Gen Core i7,16,512,Windows,16.1,8
Dell Inspiron 7425 Laptop,Dell,AMD Ryzen 5 5625U,8,512,Windows,14,6
Acer Predator Helios 300 NH.QC2SI.00B Laptop,Acer,11th Gen Core i9,16,1000,Windows,15.6,8
Dell Inspiron 7425 Laptop,Dell,AMD Ryzen 7 5825U,16,512,Windows,14,8
Asus ROG Strix G17 G713RM-LL167WS Gaming Laptop,Asus,AMD Ryzen 7 6800H,16,1000,Windows,17.3,8
Samsung Galaxy Book2 15 Laptop,Samsung,12th Gen Core i5,8,256,Windows,15.6,10
HP Pavilion 14-dv2016TU Laptop,HP,12th Gen Core i5,16,512,Windows,14,10
HP Envy x360 13-ay1059AU Laptop,HP,Ryzen 5 5600U,8,512,Windows,13.3,6
HP Pavilion Gaming 15-DK1520TX Laptop,HP,10th Gen Core i5,8,512,Windows,15.6,4
Lenovo IdeaPad Gaming 3 82K10199IN Laptop,Lenovo,11th Gen Core i5,8,512,Windows,15.6,4
HP Pavilion 14-dv2019TU Laptop,HP,12th Gen Core i5,8,512,Windows,14,10
Asus VivoBook 15 M515DA-BQ332WS Laptop,Asus,Ryzen 3 3250U,8,512,Windows,15.6,2
Dell Inspiron 15 3511 Laptop,Dell,11th Gen Core i5,8,512,Windows,15.6,4
Samsung Galaxy Book2 15 Laptop,Samsung,12th Gen Core i5,16,512,Windows,15.6,10
Asus Strix G15 G513RM-HF272WS Gaming Laptop,Asus,Ryzen 7 6800H,16,1000,Windows,15.6,8
Asus X515EA-BQ522WS Laptop,Asus,11th Gen Core i5,8,512,Windows,15.6,4
Dell G15-5520 D560737WIN9B Laptop,Dell,12th Gen Core i7,16,512,Windows,15.6,14
Lenovo IdeaPad Gaming 3 81Y401ARIN Gaming Laptop,Lenovo,10th Gen Core i5,8,512,Windows,15.6,4
Lenovo IdeaPad Flex 5 82HU00PPIN Laptop,Lenovo,Ryzen 5 5500U,8,512,Windows,14,6
Dell Inspiron G15 D560826WIN9G Laptop,Dell,11th Gen Core i5,16,512,Windows,15.6,6
Dell Vostro 3405 Laptop,Dell,Ryzen 3-3250U,8,512,Windows,14,2
Dell Inspiron 5518 Laptop,Dell,11th Gen Core i5,8,512,Windows,15.6,4
Lenovo IdeaPad 5 Pro 14ITL6 82L300CAIN Laptop,Lenovo,11th Gen Core i7,16,512,Windows,14,4
Dell Inspiron G15 D560827WIN9G Laptop,Dell,11th Gen Core i5,8,512,Windows,15.6,6
Asus Vivobook S15 OLED K3502ZA-L701WS Laptop,Asus,12th Gen Core i7,16,512,Windows,15.6,14
Lenovo IdeaPad 3 15IML05 81WB01EBIN Laptop,Lenovo,10th Gen Core i3,8,512,Windows,15.6,2
Acer Aspire 3 A314-35 UN.K0SSI.011 Laptop,Acer,Celeron N4500,4,256,Windows,14,2
Lenovo IdeaPad 3 15IGL05 81WQ00MQIN Laptop,Lenovo,Celeron N4020,8,256,Windows,15.6,2
Lenovo IdeaPad 3 15ITL05 81X800K9IN Laptop,Lenovo,11th Gen Core i5,8,512,Windows,15.6,4
Lenovo IdeaPad 3 15ITL6 82H802L0IN Laptop,Lenovo,11th Gen Core i3,8,512,Windows,15.6,2
Dell Inspiron 5310 Laptop,Dell,11th Gen Core i5,16,512,Windows,13.3,4
Asus Vivobook S14 OLED S3402ZA-KM701WS Laptop,Asus,12th Gen Core i7,16,512,Windows,14,14
Asus Zenbook 14X OLED Space Edition UX5401ZAS-KN711WS Laptop,Asus,12th Gen Core i7,16,1000,Windows,14,14
Asus Vivobook 14 OLED UX3402ZA-KM531WS Laptop,Asus,12th Gen Core i5,16,512,Windows,14,12
Lenovo IdeaPad Slim 3 81X800J1IN Laptop,Lenovo,11th Gen Core i5,8,512,Windows,15.6,4
Asus Zenbook Space Edition UX5401ZAS-KN521WS Laptop,Asus,12th Gen Core i5,16,512,Windows,14,12
Asus Zenbook 14X OLED Space Edition UX5401ZAS-KN901WS Laptop,Asus,12th Gen Core i9,32,1000,Windows,14,14
Lenovo ThinkBook 14 20VDA0TLIH Laptop,Lenovo,11th Gen Core i5,16,512,Windows,14,4
Acer Aspire 3 A315-58 Laptop,Acer,11th Gen Core i5,8,0,Windows,15.6,4
Asus TUF Gaming A15 FA506IC-HN075W Laptop,Asus,Ryzen 7 4800H,16,512,Windows,15.6,8
Acer Extensa EX215-31 Laptop,Acer,Intel Pentium N5030,4,256,Windows,15.6,4
Fujitsu CH 4ZR1H03553 Laptop,Fujitsu,11th Gen Core i5,16,512,Windows,13.3,4
Lenovo V15 82KB0003GE Laptop,Lenovo,11th Gen Core i3,8,256,Windows,,0
Lenovo Thinkpad P15v 21AAS0R100 Laptop,Lenovo,11th Gen Core i7,16,1000,Windows,15.6,8
Asus VivoBook 15 X515JA-BQ521WS Laptop,Asus,10th Gen Core i5,8,512,Windows,15.6,4
Fujitsu UH-X 4ZR1F38027 Laptop,Fujitsu,11th Gen Core i7,16,1000,Windows,13.3,4
Lenovo IdeaPad Slim 3 81WE01QLIN Laptop,Lenovo,10th Gen Core i3,8,512,Windows,14,2
Asus K413EA-EB522WS Laptop,Asus,11th Gen Core i5,16,512,Windows,14,4
HP Victus 16-e0361ax Gaming Laptop,HP,Ryzen 7 5800H,16,512,Windows,16.1,8
Asus Vivobook Pro 14 OLED 2021 M3401QC-KM045WS Laptop,Asus,Ryzen 7-5800H,16,512,Windows,14,8
HP Pavilion 14-EC1019AU Laptop,HP,Ryzen 5 5625U,16,512,Windows,14,6
Asus TUF A15 OLED FA507RM-HF030WS Laptop,Asus,Ryzen 7 6800H,16,1000,Windows,15.6,8
Asus VivoBook 14 X415JA-EB501WS Laptop,Asus,10th Gen Core i5,8,0,Windows,14,4
Asus VivoBook 14 2021 X415MA-BV011W Laptop,Asus,Celeron N4020,4,256,Windows,14,0
HP Pavilion 14-EC1008AU Laptop,HP,Ryzen 7 5825U,16,512,Windows,14,8
HP 15s-du3519TX Laptop,HP,11th Gen Core i5,8,512,Windows,15.6,4
Asus Strix G15 G513RM-HQ273WS Gaming Laptop,Asus,Ryzen 7 6800H,16,1000,Windows,15.6,8
Asus BR1100CKA-GJ0722W Notebook,Asus,Celeron N4500,4,128,Windows,11.6,2
Fujitsu UH-X 4ZR1F38024 Laptop,Fujitsu,11th Gen Core i7,16,512,Windows,13.3,4
Asus BR1100CKA-GJ0722W Laptop,Asus,Celeron N4500,4,128,Windows,11.6,2
Lenovo Yoga 6 13ALC6 82ND00DPIN Laptop,Lenovo,Ryzen 7 5700U,16,1000,Windows,13.3,8
Asus BR1100FKA-BP1104W Laptop,Asus,Celeron N4500,4,128,Windows,11.6,2
Asus ROG Strix Scar 17 G733ZW-LL139WS Gaming Laptop,Asus,12th Gen Core i9,32,1000,Windows,17.3,14
