Player,Team,Pos,Field_Position,G,AB,Runs,H,B2,B3,HR,RBI,SB,CS,BB,SO,SH,SF,HBP,AVG,OBP,SLG,OPS,HR_cat
Whit Merrifield,KC,2B,IF,124,519,83,156,33,9,14,62,16,8,40,92,0,2,4,0.301,0.354,0.48,0.834,Several
Ronald Acuna,ATL,OF,OF,124,508,104,150,16,1,35,85,29,6,57,142,0,0,8,0.295,0.375,0.537,0.912,Heaps
Marcus Semien,OAK,SS,IF,124,503,89,136,31,5,20,57,7,7,66,83,0,1,1,0.27,0.356,0.471,0.827,Heaps
Rafael Devers,BOS,3B,IF,122,498,101,163,44,3,26,97,8,8,38,88,1,2,2,0.327,0.376,0.584,0.96,Heaps
Ozzie Albies,ATL,2B,IF,124,496,78,147,32,7,18,68,11,3,41,87,0,2,3,0.296,0.352,0.498,0.85,Several
Jorge Polanco,MIN,SS,IF,117,491,75,144,32,5,17,59,4,3,47,85,1,5,3,0.293,0.355,0.483,0.838,Several
Mookie Betts,BOS,OF,OF,124,489,113,139,34,5,21,64,12,3,87,86,0,6,2,0.284,0.39,0.503,0.893,Heaps
Jose Abreu,CWS,1B,IF,121,488,61,134,27,0,26,89,2,2,26,116,0,6,5,0.275,0.314,0.49,0.804,Heaps
Eduardo Escobar,ARI,SS,IF,121,483,75,132,22,9,28,98,5,1,41,102,0,10,3,0.273,0.328,0.53,0.858,Heaps
Starlin Castro,MIA,2B,IF,122,483,40,126,18,3,11,57,2,1,18,85,0,7,1,0.261,0.285,0.379,0.664,Several
Javier Baez,CHC,SS,IF,120,483,82,137,33,4,28,81,10,6,23,138,0,2,0,0.284,0.315,0.542,0.857,Heaps
Xander Bogaerts,BOS,SS,IF,121,481,94,148,41,0,27,92,4,1,61,100,0,4,1,0.308,0.384,0.561,0.945,Heaps
Jonathan Villar,BAL,2B,IF,123,479,80,130,27,4,15,54,26,7,48,131,2,2,3,0.271,0.34,0.438,0.778,Several
Freddie Freeman,ATL,1B,IF,124,478,96,146,28,2,31,98,5,3,71,100,0,1,4,0.305,0.399,0.567,0.966,Heaps
Eric Hosmer,SD,1B,IF,121,476,63,138,23,1,18,82,0,2,33,106,0,4,2,0.29,0.336,0.456,0.792,Several
Ketel Marte,ARI,2B,IF,118,475,82,152,27,8,25,71,8,2,44,72,0,2,4,0.32,0.381,0.568,0.949,Heaps
Starling Marte,PIT,OF,OF,111,465,83,134,25,5,20,69,21,4,19,80,2,4,13,0.288,0.331,0.492,0.823,Heaps
Manny Machado,SD,SS,IF,119,462,67,122,17,1,26,70,4,2,46,104,0,3,4,0.264,0.334,0.474,0.808,Heaps
Amed Rosario,NYM,SS,IF,119,462,59,133,24,7,12,50,15,6,26,100,2,3,2,0.288,0.327,0.448,0.775,Several
Jose Ramirez,CLE,3B,IF,121,459,65,116,32,2,20,74,24,4,50,71,0,6,2,0.253,0.325,0.462,0.787,Heaps
Cesar Hernandez,PHI,2B,IF,122,459,54,129,23,3,8,53,7,2,29,71,0,4,6,0.281,0.329,0.397,0.726,Several
Nolan Arenado,COL,3B,IF,121,459,78,138,24,2,28,91,2,2,45,69,0,7,3,0.301,0.362,0.545,0.907,Heaps
Trey Mancini,BAL,1B,IF,117,458,80,127,28,2,29,71,1,0,45,108,0,3,4,0.277,0.345,0.537,0.882,Heaps
Yuli Gurriel,HOU,1B,IF,114,456,69,139,32,2,25,85,4,3,27,51,0,6,2,0.305,0.342,0.548,0.89,Heaps
Max Kepler,MIN,OF,OF,114,456,83,117,27,0,33,81,1,5,52,83,0,4,5,0.257,0.337,0.533,0.87,Heaps
J.D. Martinez,BOS,OF,OF,114,456,77,140,27,2,28,73,1,0,53,104,0,3,4,0.307,0.382,0.559,0.941,Heaps
Michael Brantley,HOU,OF,OF,115,456,75,152,37,2,18,74,3,2,39,52,0,3,5,0.333,0.39,0.542,0.932,Several
DJ LeMahieu,NYY,2B,IF,111,455,86,154,27,2,20,83,4,2,36,67,1,4,2,0.338,0.386,0.538,0.924,Heaps
Paul Goldschmidt,STL,1B,IF,121,454,72,117,14,0,27,66,1,1,50,129,0,2,2,0.258,0.333,0.467,0.8,Heaps
Elvis Andrus,TEX,SS,IF,111,452,59,128,23,4,9,58,25,5,24,71,0,8,4,0.283,0.32,0.412,0.732,Several
Lorenzo Cain,MIL,OF,OF,113,452,61,113,25,0,8,40,15,6,41,85,0,4,5,0.25,0.317,0.358,0.675,Several
Bryce Harper,PHI,OF,OF,122,452,74,114,30,0,26,90,7,3,83,145,0,2,4,0.252,0.372,0.491,0.863,Heaps
Randal Grichuk,TOR,OF,OF,117,451,59,108,20,3,23,58,2,1,32,132,0,1,4,0.239,0.295,0.45,0.745,Heaps
Matt Chapman,OAK,3B,IF,120,451,81,119,31,3,29,70,0,1,54,106,0,3,6,0.264,0.348,0.539,0.887,Heaps
Leury Garcia,CWS,OF,OF,110,450,76,129,23,2,7,34,14,4,17,110,8,3,5,0.287,0.318,0.393,0.711,Several
Freddy Galvis,TOR,SS,IF,115,450,55,120,24,1,18,54,4,1,21,112,1,1,0,0.267,0.299,0.444,0.743,Several
Adam Eaton,WAS,OF,OF,116,450,79,129,20,6,9,35,13,3,51,80,7,3,9,0.287,0.368,0.418,0.786,Several
Andrew Benintendi,BOS,OF,OF,110,450,62,130,37,5,12,63,9,2,49,118,2,3,5,0.289,0.363,0.473,0.836,Several
Kevin Pillar,SF,OF,OF,119,447,65,121,31,2,17,67,10,5,14,67,0,4,7,0.271,0.301,0.463,0.764,Several
Trevor Story,COL,SS,IF,110,447,90,131,32,5,28,70,17,5,42,125,0,1,6,0.293,0.361,0.575,0.936,Heaps
Charlie Blackmon,COL,OF,OF,104,446,91,145,33,7,25,67,2,4,27,82,0,1,6,0.325,0.371,0.599,0.97,Heaps
Jean Segura,PHI,SS,IF,111,446,65,126,26,3,11,48,7,2,25,55,1,2,8,0.283,0.331,0.428,0.759,Several
Mike Moustakas,MIL,3B,IF,114,445,68,116,26,1,28,66,3,0,38,82,0,1,6,0.261,0.327,0.512,0.839,Heaps
Jorge Soler,KC,OF,OF,124,445,69,116,25,0,35,88,1,1,56,134,0,3,9,0.261,0.353,0.553,0.906,Heaps
Paul DeJong,STL,SS,IF,119,445,77,110,27,1,21,56,6,5,43,104,0,3,9,0.247,0.324,0.454,0.778,Heaps
Pete Alonso,NYM,1B,IF,122,443,73,118,24,2,39,93,1,0,58,133,0,3,17,0.266,0.37,0.594,0.964,Heaps
Brian Anderson,MIA,3B,IF,121,443,55,114,31,1,20,64,5,1,42,110,0,3,13,0.257,0.337,0.467,0.804,Heaps
Alex Gordon,KC,OF,OF,117,442,65,114,27,1,12,63,5,2,39,81,1,6,13,0.258,0.332,0.405,0.737,Several
Eugenio Suarez,CIN,3B,IF,121,440,66,114,18,1,33,76,3,2,50,137,0,6,8,0.259,0.341,0.53,0.871,Heaps
Josh Bell,PIT,1B,IF,118,440,84,124,36,3,31,98,0,1,60,105,0,6,3,0.282,0.367,0.589,0.956,Heaps
David Fletcher,LAA,2B,IF,117,439,64,127,27,4,5,42,8,3,40,44,1,1,0,0.289,0.348,0.403,0.751,Minimal
Kris Bryant,CHC,3B,IF,117,438,88,127,31,1,25,60,2,0,61,108,0,1,12,0.29,0.391,0.537,0.928,Heaps
Francisco Lindor,CLE,SS,IF,105,437,72,131,30,2,20,52,18,3,37,71,1,4,3,0.3,0.356,0.515,0.871,Heaps
Domingo Santana,SEA,OF,OF,114,437,63,113,20,1,21,69,8,3,49,157,0,2,2,0.259,0.335,0.453,0.788,Heaps
Carlos Santana,CLE,1B,IF,121,434,89,127,23,1,29,78,4,0,90,79,0,1,1,0.293,0.414,0.551,0.965,Heaps
Cody Bellinger,LAD,1B,IF,120,434,97,138,25,2,41,94,10,5,73,84,0,4,3,0.318,0.416,0.668,1.084,Heaps
Shin-Soo Choo,TEX,OF,OF,116,432,74,117,27,2,19,46,8,1,57,122,0,1,14,0.271,0.373,0.475,0.848,Several
Josh Donaldson,ATL,3B,IF,121,430,73,115,28,0,29,73,3,2,75,123,0,1,7,0.267,0.384,0.535,0.919,Heaps
Rhys Hoskins,PHI,OF,OF,122,430,63,103,24,4,24,70,1,2,92,124,0,4,8,0.24,0.38,0.481,0.861,Heaps
Renato Nunez,BAL,3B,IF,117,429,60,104,21,0,26,68,0,1,35,114,0,1,6,0.242,0.308,0.473,0.781,Heaps
Tommy Pham,TB,OF,OF,110,429,54,114,22,2,17,51,13,3,65,95,0,1,4,0.266,0.367,0.445,0.812,Several
Anthony Rizzo,CHC,1B,IF,119,429,72,121,25,2,22,75,5,2,57,75,0,2,21,0.282,0.391,0.503,0.894,Heaps
Nick Ahmed,ARI,SS,IF,122,428,67,117,26,4,16,68,7,1,41,84,1,10,2,0.273,0.333,0.465,0.798,Several
Kole Calhoun,LAA,OF,OF,117,427,72,99,22,1,26,60,3,1,52,119,0,2,6,0.232,0.322,0.471,0.793,Heaps
J.T. Realmuto,PHI,C,C,117,425,75,120,29,1,19,66,7,1,32,105,0,5,3,0.282,0.333,0.489,0.822,Several
Joey Votto,CIN,1B,IF,113,424,60,111,25,1,12,39,4,0,57,100,0,2,3,0.262,0.352,0.41,0.762,Several
Eddie Rosario,MIN,OF,OF,104,423,74,119,19,1,27,81,3,1,18,63,0,5,0,0.281,0.307,0.522,0.829,Heaps
Gleyber Torres,NYY,SS,IF,113,423,79,120,20,0,29,73,4,2,43,95,1,4,1,0.284,0.348,0.537,0.885,Heaps
Alex Bregman,HOU,SS,IF,118,422,92,116,25,2,29,80,4,1,91,65,0,7,6,0.275,0.405,0.55,0.955,Heaps
Max Muncy,LAD,1B,IF,120,419,82,108,18,1,31,85,3,1,72,119,0,4,4,0.258,0.369,0.527,0.896,Heaps
Christian Yelich,MIL,OF,OF,109,418,86,139,24,3,41,89,24,2,61,100,0,3,6,0.333,0.422,0.699,1.121,Heaps
Niko Goodrum,DET,2B,IF,110,418,60,104,27,5,11,44,12,3,45,136,0,2,1,0.249,0.322,0.416,0.738,Several
Adam Frazier,PIT,2B,IF,113,416,57,111,25,4,6,32,3,4,32,55,2,1,7,0.267,0.329,0.389,0.718,Several
Willy Adames,TB,SS,IF,116,413,52,102,19,1,15,37,4,1,35,121,3,0,3,0.247,0.31,0.407,0.717,Several
Mike Trout,LAA,OF,OF,118,413,99,123,27,1,41,96,10,2,98,104,0,4,14,0.298,0.444,0.666,1.11,Heaps
Anthony Rendon,WAS,3B,IF,108,411,87,131,32,3,26,94,2,1,47,67,0,6,11,0.319,0.398,0.601,0.999,Heaps
Michael Conforto,NYM,OF,OF,113,410,66,105,20,0,25,69,6,1,63,108,0,5,10,0.256,0.365,0.488,0.853,Heaps
Justin Turner,LAD,3B,IF,115,409,72,121,22,0,22,57,2,0,45,76,0,4,12,0.296,0.379,0.511,0.89,Heaps
Mallex Smith,SEA,OF,OF,102,408,55,97,18,7,5,31,34,8,32,116,1,1,8,0.238,0.305,0.353,0.658,Minimal
Christian Walker,ARI,1B,IF,116,407,64,106,21,1,22,56,7,1,50,122,0,1,5,0.26,0.348,0.479,0.827,Heaps
Juan Soto,WAS,OF,OF,111,407,73,116,18,4,26,81,12,1,77,97,0,4,2,0.285,0.398,0.541,0.939,Heaps
Brandon Belt,SF,1B,IF,119,406,62,94,20,2,14,48,3,3,69,97,0,3,3,0.232,0.345,0.394,0.739,Several
Adam Jones,ARI,OF,OF,112,406,59,110,23,0,14,54,2,1,23,80,0,3,7,0.271,0.319,0.431,0.75,Several
Nomar Mazara,TEX,OF,OF,107,404,65,109,27,1,17,62,4,1,26,100,0,5,6,0.27,0.32,0.468,0.788,Several
Victor Robles,WAS,OF,OF,117,404,66,101,22,3,15,52,19,7,26,111,6,4,19,0.25,0.322,0.431,0.753,Several
Nicholas Castellanos,DET,OF,OF,100,403,57,110,37,3,11,37,2,1,31,96,0,2,3,0.273,0.328,0.462,0.79,Several
Jason Heyward,CHC,OF,OF,114,402,57,107,14,4,17,48,7,2,48,86,0,2,3,0.266,0.347,0.448,0.795,Several
Josh Reddick,HOU,OF,OF,110,400,44,106,14,2,10,37,4,2,27,50,0,8,0,0.265,0.306,0.385,0.691,Several
Miguel Cabrera,DET,1B,IF,109,400,32,111,18,0,9,48,0,0,36,90,0,4,3,0.278,0.339,0.39,0.729,Several
Avisail Garcia,TB,OF,OF,101,399,49,111,19,1,17,57,9,3,28,103,0,2,7,0.278,0.335,0.459,0.794,Several
Kyle Schwarber,CHC,OF,OF,117,397,60,90,17,1,28,62,1,2,54,117,0,5,3,0.227,0.32,0.486,0.806,Heaps
Jeff McNeil,NYM,2B,IF,105,397,67,132,31,1,15,55,4,5,28,62,0,0,17,0.332,0.4,0.529,0.929,Several
Jackie Bradley Jr.,BOS,OF,OF,114,394,53,87,21,3,14,47,7,2,44,116,3,2,11,0.221,0.315,0.396,0.711,Several
Brandon Crawford,SF,SS,IF,113,393,46,87,20,1,9,49,3,2,39,99,0,3,3,0.221,0.295,0.346,0.641,Several
Rougned Odor,TEX,2B,IF,107,387,57,80,22,1,21,66,8,8,38,135,1,1,3,0.207,0.282,0.432,0.714,Heaps
Yasmani Grandal,MIL,C,C,115,386,55,98,19,2,20,61,5,1,73,97,0,5,5,0.254,0.375,0.469,0.844,Heaps
Dansby Swanson,ATL,SS,IF,100,385,64,102,21,3,17,57,7,4,36,88,1,5,4,0.265,0.33,0.468,0.798,Several
Austin Meadows,TB,OF,OF,101,385,51,107,18,7,20,58,9,5,38,106,0,0,5,0.278,0.35,0.517,0.867,Heaps
Orlando Arcia,MIL,SS,IF,116,383,46,86,11,1,13,42,7,4,37,87,1,3,0,0.225,0.291,0.36,0.651,Several
Jose Iglesias,CIN,SS,IF,111,382,49,112,17,3,8,47,5,5,15,54,0,2,2,0.293,0.322,0.416,0.738,Several
Hanser Alberto,BAL,3B,IF,104,381,39,121,16,2,7,36,4,2,11,39,2,3,3,0.318,0.339,0.425,0.764,Several
Miguel Rojas,MIA,SS,IF,108,380,44,110,22,1,4,33,6,5,30,52,0,5,4,0.289,0.344,0.384,0.728,Minimal
Jason Kipnis,CLE,2B,IF,100,380,41,96,21,1,12,56,6,1,36,72,4,6,1,0.253,0.314,0.408,0.722,Several
Ramon Laureano,OAK,OF,OF,107,380,67,108,26,0,21,58,12,2,22,113,0,7,10,0.284,0.334,0.518,0.852,Heaps
Hunter Dozier,KC,3B,IF,101,378,59,109,22,7,22,66,2,1,45,99,0,3,3,0.288,0.366,0.558,0.924,Heaps
Kolten Wong,STL,2B,IF,119,376,44,104,20,1,9,44,16,2,40,63,3,4,11,0.277,0.36,0.407,0.767,Several
Khris Davis,OAK,DH,DH,103,374,48,83,8,0,17,53,0,0,35,107,0,1,3,0.222,0.293,0.38,0.673,Several
Marwin Gonzalez,MIN,SS,IF,101,374,46,101,17,0,14,45,1,0,28,85,0,1,6,0.27,0.33,0.428,0.758,Several
David Dahl,COL,OF,OF,100,374,67,113,28,5,15,61,4,4,28,110,2,5,4,0.302,0.353,0.524,0.877,Several
Yasiel Puig,CIN,OF,OF,100,373,51,94,15,1,22,61,14,5,23,89,0,3,5,0.252,0.302,0.475,0.777,Heaps
Ryan Braun,MIL,OF,OF,114,373,55,106,23,2,18,55,9,1,26,86,0,1,6,0.284,0.34,0.501,0.841,Several
Christian Vazquez,BOS,C,C,106,372,51,103,18,1,18,52,2,2,22,80,2,3,0,0.277,0.315,0.476,0.791,Several
Daniel Vogelbach,SEA,1B,IF,113,372,63,83,16,0,27,68,0,0,72,113,0,2,2,0.223,0.35,0.484,0.834,Heaps
Yoan Moncada,CWS,2B,IF,97,372,58,112,21,3,20,59,7,3,31,113,1,2,3,0.301,0.358,0.535,0.893,Heaps
Hunter Renfroe,SD,OF,OF,111,370,57,88,18,1,31,61,4,0,34,118,0,5,1,0.238,0.3,0.543,0.843,Heaps
Yolmer Sanchez,CWS,2B,IF,112,369,43,92,12,4,2,29,5,4,30,89,5,1,4,0.249,0.312,0.32,0.632,Minimal
C.J. Cron,MIN,1B,IF,96,368,40,95,20,0,20,63,0,0,25,81,0,2,9,0.258,0.319,0.476,0.795,Heaps
Brett Gardner,NYY,OF,OF,108,366,67,92,20,6,17,50,9,2,43,67,0,2,3,0.251,0.333,0.478,0.811,Several
Nick Markakis,ATL,OF,OF,104,366,57,104,22,2,9,55,2,0,43,53,0,5,2,0.284,0.358,0.429,0.787,Several
Kevin Kiermaier,TB,OF,OF,101,365,49,89,16,7,12,46,18,4,21,81,1,1,1,0.244,0.286,0.425,0.711,Several
Albert Pujols,LAA,1B,IF,98,364,42,88,14,0,18,70,0,0,29,53,0,7,3,0.242,0.298,0.429,0.727,Several
George Springer,HOU,OF,OF,90,364,72,107,17,3,26,67,5,1,47,84,0,4,4,0.294,0.377,0.571,0.948,Heaps
David Peralta,ARI,OF,OF,94,363,45,99,27,2,11,54,0,0,34,83,0,1,5,0.273,0.342,0.449,0.791,Several
Jurickson Profar,OAK,SS,IF,106,361,45,74,17,1,15,51,7,0,26,60,0,2,6,0.205,0.268,0.382,0.65,Several
Wilson Ramos,NYM,C,C,108,360,42,101,10,0,13,60,0,0,38,53,0,2,1,0.281,0.349,0.417,0.766,Several
Brian Dozier,WAS,2B,IF,114,360,47,83,19,0,17,41,3,3,51,95,0,1,4,0.231,0.332,0.425,0.757,Several
Jose Altuve,HOU,2B,IF,88,357,64,107,19,1,22,54,4,3,31,57,0,2,3,0.3,0.359,0.543,0.902,Heaps
Joc Pederson,LAD,OF,OF,113,356,60,84,10,3,24,53,1,0,39,87,0,1,10,0.236,0.328,0.483,0.811,Heaps
Corey Seager,LAD,SS,IF,99,356,62,95,32,0,12,53,1,0,39,73,0,3,4,0.267,0.343,0.458,0.801,Several
Trea Turner,WAS,SS,IF,83,351,62,102,24,4,12,38,26,4,32,85,0,1,3,0.291,0.354,0.484,0.838,Several
Colin Moran,PIT,3B,IF,116,350,37,98,20,1,11,64,0,0,24,89,0,3,2,0.28,0.327,0.437,0.764,Several
Ryan McMahon,COL,1B,IF,104,350,56,94,19,1,17,63,4,0,42,112,0,1,0,0.269,0.346,0.474,0.82,Several
Ian Desmond,COL,OF,OF,108,350,52,91,27,3,14,56,2,3,28,95,1,2,2,0.26,0.317,0.474,0.791,Several
Luke Voit,NYY,1B,IF,94,349,60,97,16,1,19,54,0,0,58,114,0,1,8,0.278,0.392,0.493,0.885,Several
Jonathan Schoop,MIN,2B,IF,95,348,51,88,20,0,17,46,1,1,15,95,0,1,9,0.253,0.3,0.457,0.757,Several
Dexter Fowler,STL,OF,OF,111,348,46,87,18,1,14,44,7,2,45,99,1,3,8,0.25,0.347,0.428,0.775,Several
Tim Anderson,CWS,SS,IF,88,347,54,114,20,0,12,42,16,4,10,73,0,1,3,0.329,0.352,0.49,0.842,Several
Raimel Tapia,COL,OF,OF,111,347,46,100,22,5,8,37,5,3,19,79,0,0,0,0.288,0.325,0.45,0.775,Several
Michael Chavis,BOS,3B,IF,95,347,46,88,10,1,18,58,2,1,31,127,0,0,4,0.254,0.322,0.444,0.766,Several
Vladimir Guerrero Jr.,TOR,3B,IF,93,347,46,95,22,1,14,54,0,1,37,66,0,1,1,0.274,0.345,0.464,0.809,Several
Bryan Reynolds,PIT,OF,OF,99,346,65,114,25,2,13,49,1,2,38,86,0,2,6,0.329,0.403,0.526,0.929,Several
Danny Santana,TEX,OF,OF,95,346,63,107,20,6,21,58,13,6,14,103,0,4,3,0.309,0.338,0.584,0.922,Heaps
Kevin Newman,PIT,SS,IF,93,345,34,104,14,3,7,42,10,6,21,46,2,1,3,0.301,0.346,0.42,0.766,Several
Joe Panik,SF,2B,IF,103,344,33,81,17,1,3,27,4,2,36,38,1,4,3,0.235,0.31,0.317,0.627,Minimal
Todd Frazier,NYM,3B,IF,99,344,44,80,12,2,16,50,1,2,28,85,0,0,8,0.233,0.305,0.419,0.724,Several
Gio Urshela,NYY,3B,IF,104,343,63,116,29,0,18,66,1,1,21,61,0,4,4,0.338,0.379,0.58,0.959,Several
Jake Bauers,CLE,1B,IF,100,343,42,80,15,1,11,39,2,3,35,102,0,2,3,0.233,0.308,0.379,0.687,Several
Alex Verdugo,LAD,OF,OF,106,343,43,101,22,2,12,44,4,1,26,49,0,6,2,0.294,0.342,0.475,0.817,Several
James McCann,CWS,C,C,92,342,51,100,21,1,14,49,4,1,23,104,1,0,4,0.292,0.344,0.482,0.826,Several
Stephen Piscotty,OAK,OF,OF,88,341,44,84,16,1,12,41,2,0,29,83,1,3,3,0.246,0.309,0.405,0.714,Several
Justin Smoak,TOR,1B,IF,100,341,48,73,12,0,19,52,0,0,70,85,0,1,5,0.214,0.355,0.416,0.771,Several
Omar Narvaez,SEA,C,C,102,338,53,97,9,0,17,43,0,0,37,72,0,2,3,0.287,0.361,0.464,0.825,Several
Jesse Winker,CIN,OF,OF,112,338,51,91,17,2,16,38,0,2,37,60,0,0,8,0.269,0.355,0.473,0.828,Several
Brandon Drury,TOR,3B,IF,96,337,37,77,17,1,14,39,0,0,19,91,0,3,1,0.228,0.269,0.409,0.678,Several
Matt Olson,OAK,1B,IF,90,336,46,87,16,0,25,60,0,0,35,93,0,1,9,0.259,0.344,0.53,0.874,Heaps
Marcell Ozuna,STL,OF,OF,91,336,59,87,17,0,22,66,12,1,40,78,0,1,1,0.259,0.339,0.506,0.845,Heaps
Daniel Murphy,COL,2B,IF,96,336,43,95,25,1,11,65,1,1,24,57,0,4,0,0.283,0.327,0.461,0.788,Several
Adalberto Mondesi,KC,SS,IF,82,335,48,89,17,9,7,52,31,4,16,101,3,6,0,0.266,0.294,0.433,0.727,Several
Wil Myers,SD,3B,IF,118,334,49,76,16,0,14,39,10,6,42,133,1,0,2,0.228,0.317,0.401,0.718,Several
Fernando Tatis Jr.,SD,SS,IF,84,334,61,106,13,6,22,53,16,6,30,110,0,3,5,0.317,0.379,0.59,0.969,Heaps
Robbie Grossman,OAK,OF,OF,105,333,45,83,19,1,6,34,8,4,49,66,0,2,1,0.249,0.345,0.366,0.711,Several
Maikel Franco,PHI,3B,IF,102,333,41,77,13,0,15,47,0,0,32,49,0,3,0,0.231,0.296,0.405,0.701,Several
Scott Kingery,PHI,SS,IF,90,332,49,90,28,2,14,36,10,2,25,103,0,1,5,0.271,0.331,0.494,0.825,Several
Matt Carpenter,STL,1B,IF,93,329,46,71,14,2,11,33,6,1,50,100,1,4,5,0.216,0.325,0.371,0.696,Several
Evan Longoria,SF,3B,IF,95,328,45,83,16,2,15,49,2,1,29,76,0,2,3,0.253,0.318,0.451,0.769,Several
Robinson Cano,NYM,2B,IF,86,325,37,82,23,0,10,32,0,0,17,58,0,1,3,0.252,0.295,0.415,0.71,Several
Eloy Jimenez,CWS,OF,OF,87,325,46,78,10,0,21,49,0,0,23,95,0,2,2,0.24,0.293,0.465,0.758,Heaps
Nick Senzel,CIN,2B,IF,85,325,49,87,20,4,10,38,10,4,25,84,0,1,1,0.268,0.321,0.446,0.767,Several
Nelson Cruz,MIN,DH,DH,87,323,59,95,19,0,32,76,0,1,41,101,0,1,7,0.294,0.384,0.65,1.034,Heaps
Asdrubal Cabrera,TEX,2B,IF,93,323,45,76,15,0,12,51,4,0,38,85,0,4,3,0.235,0.318,0.393,0.711,Several
Gary Sanchez,NYY,C,C,84,322,47,76,10,1,27,65,0,0,28,96,0,1,6,0.236,0.308,0.525,0.833,Heaps
Jorge Alfaro,MIA,C,C,96,322,30,84,10,1,11,40,2,3,11,118,0,2,7,0.261,0.298,0.401,0.699,Several
Franmil Reyes,SD,OF,OF,99,321,43,82,9,0,27,46,0,0,29,93,0,4,0,0.255,0.314,0.536,0.85,Heaps
Albert Almora Jr.,CHC,OF,OF,114,321,39,78,11,1,12,32,2,1,14,58,5,2,1,0.243,0.275,0.396,0.671,Several
Jarrod Dyson,ARI,OF,OF,99,319,53,82,9,2,7,24,25,3,36,67,0,1,1,0.257,0.333,0.364,0.697,Several
Enrique Hernandez,LAD,2B,IF,98,319,43,76,12,1,16,52,2,0,29,77,0,3,5,0.238,0.309,0.433,0.742,Several
Buster Posey,SF,C,C,91,316,37,82,24,0,6,34,0,0,28,54,0,1,4,0.259,0.327,0.392,0.719,Several
Teoscar Hernandez,TOR,OF,OF,94,314,46,71,13,1,19,47,4,2,33,109,0,1,1,0.226,0.301,0.455,0.756,Several
Jose Martinez,STL,1B,IF,110,312,42,83,12,0,10,40,2,0,33,73,0,2,1,0.266,0.336,0.401,0.737,Several
Melky Cabrera,PIT,OF,OF,105,311,36,88,19,1,6,39,2,0,13,34,1,0,1,0.283,0.314,0.408,0.722,Several
Dwight Smith,BAL,OF,OF,84,311,41,74,15,2,12,48,5,1,23,68,0,4,3,0.238,0.293,0.415,0.708,Several
Ji-Man Choi,TB,1B,IF,94,311,37,80,14,1,11,41,2,3,43,75,0,4,4,0.257,0.351,0.415,0.766,Several
Shohei Ohtani,LAA,DH,DH,86,309,42,92,15,3,15,50,10,3,29,83,0,4,2,0.298,0.358,0.511,0.869,Several
Yandy Diaz,TB,3B,IF,78,304,53,82,20,1,14,38,2,2,35,60,0,4,1,0.27,0.343,0.48,0.823,Several
Jose Peraza,CIN,SS,IF,113,304,31,72,12,2,6,32,5,5,12,51,0,2,8,0.237,0.282,0.349,0.631,Several
Tim Beckham,SEA,SS,IF,88,304,39,72,21,1,15,47,1,3,21,102,0,0,3,0.237,0.293,0.461,0.754,Several
Oscar Mercado,CLE,OF,OF,78,301,51,84,18,2,9,32,9,3,18,59,5,2,4,0.279,0.326,0.442,0.768,Several
Garrett Cooper,MIA,1B,IF,84,300,45,86,11,1,12,42,0,0,29,92,0,2,5,0.287,0.357,0.45,0.807,Several
Brandon Dixon,DET,1B,IF,90,300,33,77,14,3,14,43,5,1,16,101,0,2,3,0.257,0.299,0.463,0.762,Several
JaCoby Jones,DET,OF,OF,88,298,39,70,19,3,11,26,7,2,27,94,1,1,6,0.235,0.31,0.43,0.74,Several
Roberto Perez,CLE,C,C,91,298,37,68,7,1,20,48,0,0,37,98,5,4,2,0.228,0.314,0.46,0.774,Heaps
J.D. Davis,NYM,3B,IF,106,297,44,92,16,1,14,40,2,0,29,67,0,2,2,0.31,0.373,0.512,0.885,Several
Danny Jansen,TOR,C,C,92,295,34,64,12,1,12,42,0,0,25,68,1,1,4,0.217,0.286,0.386,0.672,Several
Willson Contreras,CHC,C,C,87,295,45,81,15,1,19,57,1,2,34,85,0,2,9,0.275,0.365,0.525,0.89,Several
Robinson Chirinos,HOU,C,C,92,294,45,67,15,0,13,43,0,2,42,105,2,4,11,0.228,0.342,0.412,0.754,Several
Manuel Margot,SD,OF,OF,113,294,52,72,17,1,10,28,16,1,33,63,2,0,1,0.245,0.323,0.412,0.735,Several
Lourdes Gurriel,TOR,2B,IF,79,294,50,82,18,2,19,47,6,4,20,79,1,2,4,0.279,0.331,0.548,0.879,Several
Nicky Lopez,KC,2B,IF,77,291,32,65,15,1,1,17,1,1,15,41,4,0,1,0.223,0.264,0.292,0.556,Minimal
Brian Goodwin,LAA,OF,OF,100,291,48,81,22,2,11,34,3,2,24,84,1,3,2,0.278,0.334,0.481,0.815,Several
Harold Ramirez,MIA,OF,OF,81,290,38,76,14,1,7,36,2,0,11,62,0,1,4,0.262,0.297,0.39,0.687,Several
Andrelton Simmons,LAA,SS,IF,74,288,37,79,16,0,5,28,9,1,16,28,0,0,1,0.274,0.315,0.382,0.697,Minimal
Luis Rengifo,LAA,2B,IF,85,287,37,69,15,3,4,27,1,4,32,74,1,3,4,0.24,0.322,0.355,0.677,Minimal
Dee Gordon,SEA,2B,IF,84,287,29,80,9,4,3,27,17,4,13,46,3,5,1,0.279,0.307,0.369,0.676,Minimal
Eric Sogard,TOR,2B,IF,73,287,45,86,17,2,10,30,6,0,29,47,3,3,1,0.3,0.363,0.477,0.84,Several
Christin Stewart,DET,OF,OF,81,285,27,68,21,1,7,33,0,1,31,78,0,5,6,0.239,0.321,0.393,0.714,Several
Eric Thames,MIL,1B,IF,112,284,49,73,17,1,17,48,3,1,41,101,0,2,6,0.257,0.36,0.504,0.864,Several
Tony Wolters,COL,C,C,91,283,35,80,15,2,1,30,0,1,25,49,2,5,5,0.283,0.346,0.36,0.706,Minimal
Tommy La Stella,LAA,3B,IF,78,283,49,85,7,0,16,44,0,0,20,27,0,0,3,0.3,0.353,0.495,0.848,Several
Mark Canha,OAK,OF,OF,89,279,52,73,11,2,18,39,2,2,46,75,0,2,10,0.262,0.383,0.509,0.892,Several
Brandon Lowe,TB,2B,IF,76,279,40,77,17,2,16,49,5,0,22,104,0,1,5,0.276,0.339,0.523,0.862,Several
Yadier Molina,STL,C,C,75,278,26,70,16,0,4,37,4,0,9,38,0,4,2,0.252,0.276,0.353,0.629,Minimal
Curtis Granderson,MIA,OF,OF,105,278,41,52,17,1,11,32,0,3,34,85,0,2,3,0.187,0.281,0.374,0.655,Several
Billy Hamilton,KC,OF,OF,93,275,32,58,12,2,0,12,18,5,25,74,3,2,0,0.211,0.275,0.269,0.544,Minimal
Rio Ruiz,BAL,3B,IF,95,275,25,67,9,1,7,33,0,1,28,71,1,2,0,0.244,0.311,0.36,0.671,Several
Jeimer Candelario,DET,3B,IF,73,273,27,54,12,1,7,24,3,1,31,82,0,0,4,0.198,0.289,0.326,0.615,Several
Byron Buxton,MIN,OF,OF,82,271,48,71,30,4,10,46,14,3,19,68,2,1,2,0.262,0.314,0.513,0.827,Several
Rowdy Tellez,TOR,1B,IF,80,271,34,62,13,0,14,40,1,1,17,83,0,2,4,0.229,0.282,0.432,0.714,Several
Pablo Sandoval,SF,3B,IF,107,271,42,73,23,0,14,41,1,0,18,67,2,3,1,0.269,0.314,0.509,0.823,Several
David Bote,CHC,2B,IF,106,268,38,69,16,0,10,40,4,1,35,81,0,2,5,0.257,0.352,0.429,0.781,Several
Carlos Correa,HOU,SS,IF,70,267,38,75,16,1,19,56,1,0,32,69,0,4,2,0.281,0.357,0.562,0.919,Several
Hunter Pence,TEX,OF,OF,77,265,51,76,17,1,18,55,5,1,23,60,0,2,2,0.287,0.346,0.562,0.908,Several
Miguel Sano,MIN,3B,IF,74,265,53,64,14,1,23,50,0,1,40,106,0,1,1,0.242,0.342,0.562,0.904,Heaps
Logan Forsythe,TEX,2B,IF,85,262,36,63,16,1,7,38,2,0,40,80,0,2,3,0.24,0.345,0.389,0.734,Several
Stevie Wilkerson,BAL,2B,IF,88,262,33,59,14,1,10,32,2,3,13,88,0,1,4,0.225,0.271,0.401,0.672,Several
Chris Taylor,LAD,SS,IF,90,261,33,68,20,3,8,41,7,0,29,81,2,4,2,0.261,0.334,0.452,0.786,Several
Steven Duggar,SF,OF,OF,73,261,26,61,12,2,4,28,1,4,16,78,0,3,1,0.234,0.278,0.341,0.619,Minimal
Chris Davis,BAL,1B,IF,89,261,21,46,8,0,9,32,0,0,29,120,0,3,3,0.176,0.264,0.31,0.574,Several
Ian Kinsler,SD,2B,IF,87,258,28,56,12,0,9,22,2,4,19,54,0,1,3,0.217,0.278,0.368,0.646,Several
Chad Pinder,OAK,2B,IF,92,256,36,64,17,0,11,39,0,1,13,65,0,3,5,0.25,0.296,0.445,0.741,Several
John Hicks,DET,C,C,74,255,21,52,12,0,8,20,1,0,12,83,0,1,0,0.204,0.239,0.345,0.584,Several
Howie Kendrick,WAS,2B,IF,91,254,45,81,18,0,13,50,2,1,22,40,0,5,3,0.319,0.373,0.543,0.916,Several
Tyler Naquin,CLE,OF,OF,79,252,32,71,18,0,10,32,4,1,11,62,2,2,1,0.282,0.312,0.472,0.784,Several
Kyle Seager,SEA,3B,IF,68,252,36,61,11,1,15,38,1,1,25,59,0,2,2,0.242,0.313,0.472,0.785,Several
J.P. Crawford,SEA,SS,IF,68,252,29,60,18,3,5,38,5,3,31,66,2,3,1,0.238,0.321,0.393,0.714,Minimal
Cheslor Cuthbert,KC,3B,IF,64,249,20,66,11,0,8,31,1,0,12,51,0,0,2,0.265,0.304,0.406,0.71,Several
Matt Adams,WAS,1B,IF,90,249,37,59,11,0,18,49,0,0,17,89,0,1,1,0.237,0.287,0.498,0.785,Several
Aaron Judge,NYY,OF,OF,68,248,48,65,11,0,12,32,2,1,49,91,0,1,2,0.262,0.387,0.452,0.839,Several
Anthony Santander,BAL,OF,OF,62,247,32,71,15,1,11,35,1,2,15,48,1,3,1,0.287,0.327,0.49,0.817,Several
Mitch Haniger,SEA,OF,OF,63,246,46,54,13,1,15,32,4,0,30,81,0,2,5,0.22,0.314,0.463,0.777,Several
Mike Yastrzemski,SF,OF,OF,71,245,44,68,14,2,16,45,1,2,18,65,1,3,2,0.278,0.328,0.547,0.875,Several
Elias Diaz,PIT,C,C,79,245,26,61,13,0,1,23,0,0,21,46,0,2,0,0.249,0.306,0.314,0.62,Minimal
Neil Walker,MIA,2B,IF,83,244,23,63,14,1,5,23,2,0,30,60,0,1,1,0.258,0.341,0.385,0.726,Minimal
Carson Kelly,ARI,C,C,86,244,33,63,17,0,17,42,0,0,34,56,0,1,2,0.258,0.352,0.537,0.889,Several
Delino DeShields Jr.,TEX,OF,OF,85,244,30,62,12,3,3,24,16,5,31,72,7,2,3,0.254,0.343,0.365,0.708,Minimal
Ben Gamel,MIL,OF,OF,105,244,37,58,13,0,6,28,2,2,31,85,0,2,3,0.238,0.329,0.365,0.694,Several
Josh Phegley,OAK,C,C,83,243,35,60,14,0,10,47,0,1,10,42,1,4,5,0.247,0.286,0.428,0.714,Several
Mitch Garver,MIN,C,C,69,242,50,64,10,1,23,52,0,0,26,68,0,1,4,0.264,0.344,0.599,0.943,Heaps
Joey Gallo,TEX,1B,IF,70,241,54,61,15,1,22,49,4,2,52,114,1,1,2,0.253,0.389,0.598,0.987,Heaps
Richie Martin,BAL,SS,IF,96,241,22,46,6,3,4,13,7,1,14,75,3,0,4,0.191,0.247,0.29,0.537,Minimal
Edwin Encarnacion,SEA,1B,IF,65,241,48,58,7,0,21,49,0,1,41,55,0,3,4,0.241,0.356,0.531,0.887,Heaps
Jonathan Lucroy,LAA,C,C,74,240,28,58,8,1,7,30,0,0,21,39,0,3,4,0.242,0.31,0.371,0.681,Several
Cavan Biggio,TOR,2B,IF,68,240,41,51,10,0,10,31,9,0,46,82,0,1,0,0.213,0.338,0.379,0.717,Several
Austin Hedges,SD,C,C,75,240,19,44,9,0,8,30,1,0,15,86,2,1,5,0.183,0.245,0.321,0.566,Several
Martin Maldonado,KC,C,C,74,238,26,54,15,0,6,17,0,0,17,55,2,1,5,0.227,0.291,0.366,0.657,Several
Leonys Martin,CLE,OF,OF,65,236,32,47,7,0,9,19,4,5,21,78,3,0,4,0.199,0.276,0.343,0.619,Several
Pedro Severino,BAL,C,C,72,236,28,61,10,0,10,30,2,1,24,59,1,2,3,0.258,0.332,0.428,0.76,Several
Austin Riley,ATL,3B,IF,66,236,38,57,9,1,17,45,0,2,13,90,0,1,5,0.242,0.294,0.504,0.798,Several
Ryan O'Hearn,KC,1B,IF,72,235,21,41,8,1,7,21,0,1,28,70,0,1,1,0.174,0.264,0.306,0.57,Several
Brian McCann,ATL,C,C,71,235,25,63,8,0,10,39,0,0,26,45,0,6,2,0.268,0.338,0.43,0.768,Several
Kurt Suzuki,WAS,C,C,70,233,28,63,9,0,13,47,0,1,17,31,0,3,4,0.27,0.327,0.476,0.803,Several
Jake Marisnick,HOU,OF,OF,94,233,40,57,16,2,9,28,10,2,13,74,3,0,6,0.245,0.302,0.446,0.748,Several
Mike Zunino,TB,C,C,70,223,25,38,10,1,8,26,0,0,18,79,0,0,3,0.17,0.242,0.332,0.574,Several
Keston Hiura,MIL,2B,IF,59,223,35,68,15,2,14,35,8,3,19,78,0,0,6,0.305,0.375,0.578,0.953,Several
Jesus Aguilar,MIL,1B,IF,94,222,26,50,9,0,8,34,0,0,31,59,0,4,2,0.225,0.32,0.374,0.694,Several
Derek Dietrich,CIN,1B,IF,98,222,41,46,7,2,19,43,1,1,26,67,0,1,23,0.207,0.349,0.514,0.863,Several
Harold Castro,DET,2B,IF,62,222,20,62,6,3,3,25,3,1,7,55,2,3,0,0.279,0.297,0.374,0.671,Minimal
Johan Camargo,ATL,3B,IF,89,221,26,49,10,1,5,29,1,0,14,40,1,0,0,0.222,0.268,0.344,0.612,Minimal
Aaron Hicks,NYY,OF,OF,59,221,41,52,10,0,12,36,1,2,31,72,0,3,0,0.235,0.325,0.443,0.768,Several
Harrison Bader,STL,OF,OF,90,221,31,43,10,2,6,19,6,3,29,73,1,1,8,0.195,0.309,0.339,0.648,Several
Yan Gomes,WAS,C,C,71,220,21,44,7,0,6,26,1,0,30,57,0,0,4,0.2,0.307,0.314,0.621,Several
Tucker Barnhart,CIN,C,C,79,219,28,50,7,0,9,30,0,0,32,59,1,1,2,0.228,0.331,0.384,0.715,Several
Yonder Alonso,CWS,1B,IF,67,219,23,39,6,0,7,27,0,1,29,53,0,2,1,0.178,0.275,0.301,0.576,Several
Travis d'Arnaud,TB,C,C,63,219,38,57,9,0,13,45,0,1,24,55,0,2,1,0.26,0.333,0.479,0.812,Several
Andrew McCutchen,PHI,OF,OF,59,219,45,56,12,1,10,29,2,1,43,55,0,0,0,0.256,0.378,0.457,0.835,Several
Tyler White,HOU,1B,IF,71,218,16,49,14,0,3,21,0,0,32,74,0,3,0,0.225,0.32,0.33,0.65,Minimal
Greg Garcia,SD,2B,IF,96,214,37,57,11,3,3,26,0,2,29,59,1,2,3,0.266,0.359,0.388,0.747,Minimal
Didi Gregorius,NYY,SS,IF,52,211,34,56,8,1,11,38,1,1,8,29,0,2,0,0.265,0.29,0.469,0.759,Several
Tyler Flowers,ATL,C,C,64,211,25,47,8,2,9,22,0,0,20,80,0,1,3,0.223,0.298,0.408,0.706,Several
Mike Tauchman,NYY,OF,OF,70,207,40,60,16,1,12,42,5,0,27,60,0,0,0,0.29,0.372,0.551,0.923,Several
Austin Barnes,LAD,C,C,70,204,27,40,10,1,5,23,3,0,22,53,0,2,5,0.196,0.288,0.328,0.616,Minimal
Mitch Moreland,BOS,1B,IF,62,199,29,46,11,1,14,43,1,0,24,50,0,2,0,0.231,0.311,0.508,0.819,Several
Ender Inciarte,ATL,OF,OF,65,199,30,49,11,2,5,24,7,1,26,41,0,1,4,0.246,0.343,0.397,0.74,Minimal
Travis Shaw,MIL,2B,IF,65,197,18,32,5,0,6,13,0,0,28,74,0,0,3,0.162,0.276,0.279,0.555,Several
Ronald Guzman,TEX,1B,IF,68,197,25,38,16,0,8,29,1,2,25,65,0,4,1,0.193,0.282,0.396,0.678,Several
Jeff Mathis,TEX,C,C,74,196,16,32,7,0,2,9,0,0,14,71,0,1,0,0.163,0.218,0.23,0.448,Minimal
Luis Arraez,MIN,2B,IF,57,195,35,68,10,1,3,20,1,2,23,15,0,2,1,0.349,0.416,0.456,0.872,Minimal
Martin Prado,MIA,3B,IF,72,194,20,48,8,0,1,14,0,0,7,32,0,3,0,0.247,0.27,0.304,0.574,Minimal
Ryan Cordell,CWS,OF,OF,79,193,18,44,7,0,6,20,2,0,13,63,5,1,3,0.228,0.286,0.358,0.644,Several
Jordan Luplow,CLE,OF,OF,69,192,31,52,13,0,11,29,3,2,22,53,0,1,1,0.271,0.347,0.51,0.857,Several
Billy McKinney,TOR,OF,OF,58,192,29,42,11,1,9,21,0,2,13,53,2,1,2,0.219,0.274,0.427,0.701,Several
Yordan Alvarez,HOU,OF,OF,52,192,34,66,15,0,19,55,0,0,28,52,0,2,1,0.344,0.426,0.719,1.145,Several
Clint Frazier,NYY,OF,OF,53,191,25,54,11,0,11,34,1,2,13,59,0,3,2,0.283,0.33,0.513,0.843,Several
Juan Lagares,NYM,OF,OF,100,188,25,41,8,1,2,18,3,1,15,59,1,1,2,0.218,0.282,0.303,0.585,Minimal
A.J. Pollock,LAD,OF,OF,53,188,34,50,9,1,8,30,2,1,14,42,0,4,4,0.266,0.324,0.452,0.776,Several
Gordon Beckham,DET,2B,IF,68,187,23,40,12,2,5,14,2,1,12,61,0,0,4,0.214,0.276,0.38,0.656,Minimal
Jason Castro,MIN,C,C,59,184,35,45,8,0,12,28,0,0,21,61,1,1,2,0.245,0.327,0.484,0.811,Several
Wilmer Flores,ARI,1B,IF,65,181,20,56,12,0,5,21,0,0,10,21,0,1,3,0.309,0.354,0.459,0.813,Minimal
Garrett Hampson,COL,SS,IF,68,180,21,38,7,3,2,14,5,3,15,59,2,1,0,0.211,0.27,0.317,0.587,Minimal
Francisco Mejia,SD,C,C,61,180,22,50,7,2,6,17,1,0,10,42,0,1,3,0.278,0.325,0.439,0.764,Several
Daniel Robertson,TB,2B,IF,59,178,22,36,8,0,2,15,1,1,23,52,0,0,5,0.202,0.311,0.281,0.592,Minimal
Cameron Maybin,NYY,OF,OF,59,178,40,55,14,0,8,26,7,4,24,52,0,0,0,0.309,0.391,0.522,0.913,Several
Stephen Vogt,SF,C,C,71,177,20,50,20,2,6,22,0,1,16,45,0,2,1,0.282,0.342,0.52,0.862,Several
Dominic Smith,NYM,1B,IF,88,176,34,49,10,0,10,22,1,2,19,44,0,0,1,0.278,0.352,0.506,0.858,Several
Ronny Rodriguez,DET,SS,IF,55,175,18,38,11,3,7,24,2,1,7,52,0,3,0,0.217,0.243,0.434,0.677,Several
Matt Beaty,LAD,1B,IF,64,174,27,51,16,1,7,37,2,0,10,24,0,0,0,0.293,0.332,0.517,0.849,Several
Welington Castillo,CWS,C,C,54,174,12,36,9,0,7,23,0,0,14,56,0,1,3,0.207,0.276,0.379,0.655,Several
Jordy Mercer,DET,SS,IF,49,173,13,43,10,0,6,13,0,0,8,35,0,0,2,0.249,0.29,0.41,0.7,Several
Guillermo Heredia,TB,OF,OF,72,173,25,38,10,0,3,16,2,1,17,48,2,1,6,0.22,0.31,0.329,0.639,Minimal
Jung Ho Kang,PIT,3B,IF,65,172,15,29,7,1,10,24,0,0,11,60,0,1,1,0.169,0.222,0.395,0.617,Several
Tom Murphy,SEA,C,C,51,172,19,48,8,1,12,27,1,0,7,64,0,1,1,0.279,0.309,0.547,0.856,Several
Tommy Edman,STL,2B,IF,53,172,25,45,7,3,4,18,7,0,7,35,0,0,1,0.262,0.294,0.407,0.701,Minimal
Dylan Moore,SEA,SS,IF,83,170,21,34,9,2,5,13,7,7,19,68,1,0,6,0.2,0.303,0.365,0.668,Minimal
Ryon Healy,SEA,1B,IF,47,169,24,40,16,0,7,26,0,0,13,40,0,4,1,0.237,0.289,0.456,0.745,Several
Austin Romine,NYY,C,C,54,169,19,46,7,0,6,28,1,1,6,36,1,1,0,0.272,0.295,0.42,0.715,Several
Russell Martin,LAD,C,C,66,169,24,36,4,0,4,15,0,0,25,46,0,2,7,0.213,0.335,0.308,0.643,Minimal
Ildemaro Vargas,ARI,2B,IF,70,169,23,44,7,0,5,20,1,0,9,21,0,1,0,0.26,0.296,0.391,0.687,Minimal
Eduardo Nunez,BOS,2B,IF,60,167,13,38,7,0,2,20,5,1,4,27,1,2,0,0.228,0.243,0.305,0.548,Minimal
Jay Bruce,SEA,1B,IF,47,165,27,35,11,0,14,28,1,0,16,53,0,2,1,0.212,0.283,0.533,0.816,Several
Hernan Perez,MIL,2B,IF,64,164,23,39,8,0,5,11,4,1,9,47,1,1,0,0.238,0.276,0.378,0.654,Minimal
Ehire Adrianza,MIN,SS,IF,71,164,31,48,6,3,4,19,0,2,19,29,1,3,6,0.293,0.38,0.439,0.819,Minimal
Tony Kemp,HOU,OF,OF,66,163,23,37,6,2,7,17,4,3,16,29,1,2,4,0.227,0.308,0.417,0.725,Several
Willie Calhoun,TEX,OF,OF,45,161,28,45,9,1,11,27,0,0,11,30,0,0,1,0.28,0.329,0.553,0.882,Several
Donovan Solano,SF,2B,IF,58,161,21,54,11,0,4,20,0,1,8,34,0,2,1,0.335,0.366,0.478,0.844,Minimal
Daniel Descalso,CHC,2B,IF,73,160,19,29,5,1,2,15,2,1,23,52,1,1,0,0.181,0.283,0.263,0.546,Minimal
Tim Locastro,ARI,2B,IF,68,159,27,40,8,2,1,15,11,0,11,27,1,1,16,0.252,0.358,0.346,0.704,Minimal
Brock Holt,BOS,2B,IF,58,157,26,50,10,2,2,22,1,0,19,32,0,4,3,0.318,0.393,0.446,0.839,Minimal
Greg Allen,CLE,OF,OF,56,155,25,38,7,3,4,22,3,2,8,32,2,1,6,0.245,0.306,0.406,0.712,Minimal
Grayson Greiner,DET,C,C,43,154,13,25,3,0,5,14,0,0,13,57,0,1,1,0.162,0.231,0.279,0.51,Minimal
Gregory Polanco,PIT,OF,OF,42,153,23,37,8,1,6,17,3,1,12,49,0,0,1,0.242,0.301,0.425,0.726,Several
Matt Wieters,STL,C,C,56,153,14,34,4,0,10,23,1,1,10,46,0,2,1,0.222,0.271,0.444,0.715,Several
Yairo Munoz,STL,SS,IF,71,152,19,42,7,1,2,13,7,3,5,28,0,1,1,0.276,0.302,0.375,0.677,Minimal
Addison Russell,CHC,SS,IF,57,150,18,37,3,1,6,16,0,0,18,38,1,2,1,0.247,0.327,0.4,0.727,Several
Curt Casali,CIN,C,C,62,150,19,38,7,0,6,24,0,0,19,44,0,2,1,0.253,0.337,0.42,0.757,Several
Justin Upton,LAA,OF,OF,43,149,26,32,5,0,9,29,1,0,23,52,0,4,0,0.215,0.313,0.43,0.743,Several
Victor Caratini,CHC,C,C,60,148,18,38,8,0,6,22,0,0,21,38,0,1,1,0.257,0.351,0.432,0.783,Several
Josh Naylor,SD,OF,OF,56,145,18,37,8,0,6,25,1,1,14,35,0,1,0,0.255,0.319,0.434,0.753,Several
Charlie Tilson,CWS,OF,OF,54,144,16,33,5,0,1,12,4,0,10,38,0,0,3,0.229,0.293,0.285,0.578,Minimal
Chris Iannetta,COL,C,C,52,144,20,32,10,0,6,21,0,0,18,54,0,1,1,0.222,0.311,0.417,0.728,Several
Edwin Encarnacion,NYY,1B,IF,36,143,27,34,10,0,9,27,0,0,16,41,0,0,3,0.238,0.327,0.497,0.824,Several
Jon Jay,CWS,OF,OF,39,142,11,39,8,0,0,9,0,0,6,27,4,1,2,0.275,0.311,0.331,0.642,Minimal
Adeiny Hechavarria,NYM,SS,IF,60,142,20,29,7,0,5,18,3,1,8,33,0,0,1,0.204,0.252,0.359,0.611,Minimal
Justin Bour,LAA,1B,IF,45,142,18,26,5,0,8,26,0,0,16,46,0,1,1,0.183,0.269,0.387,0.656,Several
Jose Rondon,CWS,DH,DH,55,142,10,28,3,0,3,9,0,0,11,38,1,0,2,0.197,0.265,0.282,0.547,Minimal
Isiah Kiner-Falefa,TEX,C,C,49,141,18,33,9,1,1,15,2,0,13,38,1,1,3,0.234,0.31,0.333,0.643,Minimal
Joey Wendle,TB,2B,IF,46,141,14,29,10,0,0,10,4,1,8,29,0,2,6,0.206,0.274,0.277,0.551,Minimal
Kyle Farmer,CIN,2B,IF,79,140,18,34,5,0,7,24,4,1,5,45,0,1,3,0.243,0.282,0.429,0.711,Several
David Freese,LAD,3B,IF,66,140,32,42,12,0,9,27,0,0,22,38,0,0,1,0.3,0.399,0.579,0.978,Several
Sandy Leon,BOS,C,C,51,140,12,27,2,0,5,16,0,0,11,37,3,1,1,0.193,0.255,0.314,0.569,Minimal
Josh Harrison,DET,2B,IF,36,136,10,24,7,1,1,8,4,2,6,26,0,2,2,0.176,0.219,0.265,0.484,Minimal
Chris Owings,KC,OF,OF,41,135,9,18,4,1,2,9,4,1,8,55,0,0,2,0.133,0.193,0.222,0.415,Minimal
Mark Reynolds,COL,1B,IF,78,135,13,23,7,0,4,20,2,0,22,57,0,3,2,0.17,0.29,0.311,0.601,Minimal
Aledmys Diaz,HOU,SS,IF,45,135,24,36,5,1,7,28,0,0,11,18,0,5,2,0.267,0.32,0.474,0.794,Several
Chance Sisco,BAL,C,C,41,133,23,30,6,0,6,18,0,1,13,49,0,0,6,0.226,0.322,0.406,0.728,Several
Willians Astudillo,MIN,C,C,39,133,19,35,7,0,3,13,0,0,2,5,0,4,3,0.263,0.282,0.383,0.665,Minimal
JT Riddle,MIA,SS,IF,51,132,15,25,6,0,6,12,0,0,5,42,0,0,2,0.189,0.23,0.371,0.601,Several
Tyler Austin,SF,1B,IF,70,130,24,24,2,1,8,20,1,0,17,57,0,0,0,0.185,0.279,0.4,0.679,Several
Brandon Nimmo,NYM,OF,OF,43,130,20,26,7,0,3,14,1,0,26,48,1,1,3,0.2,0.344,0.323,0.667,Minimal
Gerardo Parra,WAS,OF,OF,63,130,21,36,8,1,6,31,4,2,8,29,1,0,3,0.277,0.333,0.492,0.825,Several
Tyler O'Neill,STL,OF,OF,46,129,14,36,5,0,5,16,1,0,7,46,0,0,0,0.279,0.316,0.434,0.75,Minimal
Dawel Lugo,DET,2B,IF,40,128,8,29,1,3,1,12,0,0,4,27,0,3,3,0.227,0.261,0.305,0.566,Minimal
Corey Dickerson,PIT,OF,OF,44,127,20,40,18,0,4,25,1,0,13,23,0,2,0,0.315,0.373,0.551,0.924,Minimal
Odubel Herrera,PHI,OF,OF,39,126,12,28,10,1,1,16,2,2,11,33,0,1,1,0.222,0.288,0.341,0.629,Minimal
Cam Gallagher,KC,C,C,45,126,14,30,7,0,3,12,0,1,11,28,1,1,3,0.238,0.312,0.365,0.677,Minimal
Kevin Plawecki,CLE,C,C,48,124,11,26,8,0,2,12,0,1,10,26,0,1,3,0.21,0.283,0.323,0.606,Minimal
Manny Pina,MIL,C,C,60,124,9,28,6,0,6,18,0,0,13,39,0,0,3,0.226,0.314,0.419,0.733,Several
Jose Osuna,PIT,1B,IF,58,123,21,39,13,0,8,26,0,0,8,23,0,2,1,0.317,0.358,0.618,0.976,Several
Josh VanMeter,CIN,2B,IF,58,123,18,36,10,0,4,13,4,3,16,29,0,0,2,0.293,0.383,0.472,0.855,Minimal
Kevan Smith,LAA,C,C,43,122,18,30,9,0,2,12,1,0,13,24,0,1,3,0.246,0.331,0.369,0.7,Minimal
Wilmer Difo,WAS,2B,IF,39,121,14,28,2,0,2,7,0,1,12,27,1,0,0,0.231,0.301,0.298,0.599,Minimal
Adam Engel,CWS,OF,OF,52,121,14,26,4,2,2,14,3,1,7,44,1,0,4,0.215,0.28,0.331,0.611,Minimal
Lewis Brinson,MIA,OF,OF,40,121,4,22,6,0,0,8,1,1,4,39,1,1,3,0.182,0.225,0.231,0.456,Minimal
Phillip Ervin,CIN,OF,OF,57,120,19,40,7,5,3,14,3,2,10,30,0,0,2,0.333,0.394,0.55,0.944,Minimal
Jay Bruce,PHI,1B,IF,34,120,14,30,6,0,10,29,0,0,3,22,0,1,0,0.25,0.266,0.55,0.816,Several
Jon Berti,MIA,2B,IF,38,119,26,33,8,1,3,11,5,1,12,27,0,1,4,0.277,0.36,0.437,0.797,Minimal
Joey Rickard,BAL,OF,OF,42,118,10,24,7,2,2,6,3,2,14,33,0,0,3,0.203,0.304,0.347,0.651,Minimal
Ryan Zimmerman,WAS,1B,IF,33,118,12,29,8,0,3,15,0,0,12,27,0,2,0,0.246,0.311,0.39,0.701,Minimal
Jake Lamb,ARI,3B,IF,46,118,23,26,6,1,5,16,0,0,22,35,0,1,4,0.22,0.359,0.415,0.774,Minimal
Charlie Culberson,ATL,SS,IF,92,116,12,34,5,2,4,19,0,1,5,37,0,1,1,0.293,0.325,0.474,0.799,Minimal
Austin Nola,SEA,C,C,44,116,18,36,7,1,5,12,0,0,7,30,1,0,2,0.31,0.36,0.517,0.877,Minimal
Alex Avila,ARI,C,C,45,115,17,26,5,0,8,21,1,0,28,43,0,0,1,0.226,0.382,0.478,0.86,Several
Matt Joyce,ATL,OF,OF,94,114,16,29,7,0,4,15,0,0,18,29,0,0,0,0.254,0.356,0.421,0.777,Minimal
Cole Tucker,PIT,SS,IF,40,113,11,22,8,0,2,10,0,0,8,34,1,0,0,0.195,0.248,0.319,0.567,Minimal
Luke Maile,TOR,C,C,42,111,9,17,2,1,2,9,1,0,7,29,2,0,0,0.153,0.203,0.243,0.446,Minimal
Victor Reyes,DET,OF,OF,30,111,12,29,5,3,0,7,1,1,7,26,0,0,0,0.261,0.305,0.36,0.665,Minimal
Tomas Nido,NYM,C,C,37,110,5,22,3,0,3,13,0,0,5,29,1,0,0,0.2,0.235,0.309,0.544,Minimal
Jacob Stallings,PIT,C,C,44,110,14,30,4,0,4,9,0,0,8,25,0,0,2,0.273,0.333,0.418,0.751,Minimal
Francisco Cervelli,PIT,C,C,34,109,11,21,3,0,1,5,1,0,9,31,1,0,4,0.193,0.279,0.248,0.527,Minimal
Kendrys Morales,OAK,DH,DH,34,108,9,22,1,1,1,7,0,0,14,20,0,1,3,0.204,0.31,0.259,0.569,Minimal
Roman Quinn,PHI,OF,OF,44,108,18,23,3,1,4,11,8,0,12,34,1,0,1,0.213,0.298,0.37,0.668,Minimal
Jake Cave,MIN,OF,OF,44,107,13,27,6,0,2,11,0,0,11,39,0,1,7,0.252,0.357,0.364,0.721,Minimal
Carlos Gonzalez,CLE,OF,OF,30,105,13,22,1,0,2,7,0,1,10,33,0,1,1,0.21,0.282,0.276,0.558,Minimal
Lucas Duda,KC,1B,IF,39,105,7,18,4,0,4,15,0,0,11,32,0,2,1,0.171,0.252,0.324,0.576,Minimal
Rosell Herrera,MIA,OF,OF,63,105,10,21,6,0,2,11,4,1,11,27,1,0,2,0.2,0.288,0.314,0.602,Minimal
Mike Freeman,CLE,SS,IF,48,105,15,27,4,0,3,15,1,2,13,33,5,2,3,0.257,0.35,0.381,0.731,Minimal
Mike Brosseau,TB,3B,IF,36,105,14,30,6,0,5,15,1,0,4,26,1,0,2,0.286,0.324,0.486,0.81,Minimal
Ty France,SD,3B,IF,36,105,9,24,4,1,2,11,0,1,4,26,0,1,4,0.229,0.281,0.343,0.624,Minimal
Keon Broxton,BAL,OF,OF,37,103,14,21,3,0,4,9,4,1,8,49,1,0,0,0.204,0.261,0.35,0.611,Minimal
Nate Lowe,TB,1B,IF,30,102,17,30,7,0,5,13,0,0,10,29,0,1,2,0.294,0.365,0.51,0.875,Minimal
Adam Haseley,PHI,OF,OF,30,101,14,26,6,0,3,13,1,0,3,27,0,0,3,0.257,0.299,0.406,0.705,Minimal
Nick Williams,PHI,OF,OF,60,101,9,16,4,0,2,5,0,0,4,39,0,0,2,0.158,0.206,0.257,0.463,Minimal
Austin Slater,SF,1B,IF,37,99,13,29,7,3,3,16,1,0,17,33,0,0,2,0.293,0.407,0.515,0.922,Minimal
Bubba Starling,KC,OF,OF,26,98,13,21,3,0,2,8,1,0,5,34,1,0,0,0.214,0.252,0.306,0.558,Minimal
Alex Dickerson,SF,OF,OF,34,98,23,35,10,3,6,24,1,1,10,22,0,0,1,0.357,0.422,0.704,1.126,Several
Ryan Goins,CWS,2B,IF,30,97,8,26,5,1,2,9,0,1,14,31,1,0,1,0.268,0.366,0.402,0.768,Minimal
Zack Cozart,LAA,3B,IF,38,97,4,12,2,0,0,7,0,0,5,16,0,3,2,0.124,0.178,0.144,0.322,Minimal
Andrew Knapp,PHI,C,C,59,95,10,19,4,0,1,4,0,0,15,33,2,0,3,0.2,0.327,0.274,0.601,Minimal
Sam Travis,BOS,1B,IF,36,94,13,25,4,0,5,14,2,0,7,23,0,1,0,0.266,0.314,0.468,0.782,Minimal
Luis Urias,SD,2B,IF,34,94,16,17,4,0,1,11,0,0,17,25,0,0,5,0.181,0.336,0.255,0.591,Minimal
Max Stassi,HOU,C,C,31,90,4,15,1,0,1,3,0,0,7,34,0,0,1,0.167,0.235,0.211,0.446,Minimal
Steve Pearce,BOS,1B,IF,29,89,9,16,4,0,1,9,0,0,7,31,0,1,1,0.18,0.245,0.258,0.503,Minimal
Humberto Arteaga,KC,SS,IF,28,89,8,17,2,0,0,4,1,1,5,18,2,0,1,0.191,0.242,0.213,0.455,Minimal
Austin Dean,MIA,OF,OF,32,86,6,18,5,0,2,10,0,0,1,22,0,1,0,0.209,0.216,0.337,0.553,Minimal
Carlos Gomez,NYM,OF,OF,34,86,10,17,3,0,3,10,4,1,7,30,2,1,3,0.198,0.278,0.337,0.615,Minimal
Gerardo Parra,SF,OF,OF,30,86,8,17,3,0,1,6,2,1,8,18,0,1,2,0.198,0.278,0.267,0.545,Minimal
Cesar Puello,MIA,OF,OF,32,84,8,15,2,0,1,6,0,0,7,30,1,0,5,0.179,0.281,0.238,0.519,Minimal
Matt Thaiss,LAA,1B,IF,28,84,12,15,2,0,5,14,0,0,10,32,0,0,0,0.179,0.266,0.381,0.647,Minimal
Bryan Holaday,MIA,C,C,29,83,9,25,4,0,3,9,0,1,9,13,1,0,1,0.301,0.376,0.458,0.834,Minimal
Ben Zobrist,CHC,2B,IF,26,83,12,20,1,0,0,10,0,0,14,12,0,2,0,0.241,0.343,0.253,0.596,Minimal
Bo Bichette,TOR,SS,IF,19,83,13,29,12,0,5,9,2,4,7,22,0,0,0,0.349,0.4,0.675,1.075,Minimal
Myles Straw,HOU,SS,IF,40,82,18,20,3,1,0,4,7,1,15,22,1,0,0,0.244,0.361,0.305,0.666,Minimal
Scott Schebler,CIN,OF,OF,30,81,11,10,2,0,2,7,0,1,14,27,0,0,0,0.123,0.253,0.222,0.475,Minimal
Mike Ford,NYY,1B,IF,25,78,15,13,2,0,4,8,0,0,10,16,0,0,3,0.167,0.286,0.346,0.632,Minimal
Mac Williamson,SEA,OF,OF,25,77,10,14,0,0,3,10,0,1,9,26,0,0,1,0.182,0.276,0.299,0.575,Minimal
Sean Rodriguez,PHI,2B,IF,49,77,16,17,3,0,3,10,1,1,8,28,3,1,2,0.221,0.307,0.377,0.684,Minimal
Marco Hernandez,BOS,2B,IF,32,77,14,25,5,0,2,8,1,1,1,17,1,0,2,0.325,0.35,0.468,0.818,Minimal
Michael Taylor,WAS,OF,OF,43,76,6,16,5,0,0,2,4,0,7,32,2,0,0,0.211,0.277,0.276,0.553,Minimal
Jace Peterson,BAL,3B,IF,21,76,10,17,3,1,2,11,4,1,5,17,0,1,0,0.224,0.268,0.368,0.636,Minimal
Brendan Rodgers,COL,2B,IF,25,76,8,17,2,0,0,7,0,0,4,27,0,0,1,0.224,0.272,0.25,0.522,Minimal
Will Smith,LAD,C,C,25,76,17,25,8,0,10,28,1,0,9,22,0,2,2,0.329,0.404,0.829,1.233,Several
Matt Duffy,TB,3B,IF,19,74,5,20,4,0,0,7,0,0,7,14,0,0,0,0.27,0.333,0.324,0.657,Minimal
Kelvin Gutierrez,KC,3B,IF,20,73,4,19,2,1,1,11,1,0,5,24,0,1,0,0.26,0.304,0.356,0.66,Minimal
Yangervis Solarte,SF,2B,IF,28,73,9,15,5,0,1,7,0,0,4,16,1,0,0,0.205,0.247,0.315,0.562,Minimal
Adam Duvall,ATL,OF,OF,20,72,12,18,2,0,6,11,0,0,4,26,0,1,1,0.25,0.295,0.528,0.823,Several
Chris Herrmann,OAK,C,C,24,71,8,14,3,0,1,8,0,0,8,27,1,0,0,0.197,0.278,0.282,0.56,Minimal
Tim Federowicz,TEX,C,C,28,71,6,12,2,0,4,7,1,0,5,28,3,0,0,0.169,0.224,0.366,0.59,Minimal
Nick Hundley,OAK,C,C,31,70,5,14,3,1,2,5,0,1,2,18,0,0,1,0.2,0.233,0.357,0.59,Minimal
Scooter Gennett,CIN,2B,IF,21,69,4,15,3,0,0,5,0,0,1,20,0,1,1,0.217,0.236,0.261,0.497,Minimal
Dustin Garneau,LAA,C,C,28,69,11,16,3,0,2,7,0,0,8,18,0,0,4,0.232,0.346,0.362,0.708,Minimal
Erik Gonzalez,PIT,2B,IF,25,69,4,13,2,1,0,2,4,0,7,19,3,0,0,0.188,0.263,0.246,0.509,Minimal
Shed Long,SEA,2B,IF,19,69,9,16,7,0,1,5,3,1,10,20,0,0,0,0.232,0.329,0.377,0.706,Minimal
Pablo Reyes,PIT,OF,OF,36,66,9,12,1,0,2,8,1,0,5,18,0,0,1,0.182,0.25,0.288,0.538,Minimal
Blake Swihart,ARI,C,C,31,66,9,9,0,0,3,9,0,0,4,29,0,0,0,0.136,0.186,0.273,0.459,Minimal
Tyler Saladino,MIL,SS,IF,28,65,7,8,0,0,2,8,2,0,5,26,0,0,1,0.123,0.197,0.215,0.412,Minimal
Nicholas Castellanos,CHC,OF,OF,16,65,13,22,7,0,5,7,0,1,5,15,0,0,0,0.338,0.386,0.677,1.063,Minimal
Wilfredo Tovar,LAA,SS,IF,26,64,4,12,4,0,0,4,0,0,5,14,0,0,0,0.188,0.246,0.25,0.496,Minimal
Cedric Mullins,BAL,OF,OF,22,64,7,6,0,2,0,4,1,0,4,14,2,1,3,0.094,0.181,0.156,0.337,Minimal
Nicky Delmonico,CWS,OF,OF,21,63,6,13,2,0,1,6,0,1,4,25,0,0,1,0.206,0.265,0.286,0.551,Minimal
John Ryan Murphy,ARI,C,C,25,62,9,11,3,0,4,7,0,0,6,28,1,0,0,0.177,0.25,0.419,0.669,Minimal
Kendrys Morales,NYY,DH,DH,19,62,7,11,1,0,1,5,0,0,12,6,0,0,1,0.177,0.32,0.242,0.562,Minimal
Jesus Sucre,BAL,C,C,21,62,3,13,2,0,0,3,0,0,4,13,0,0,1,0.21,0.269,0.242,0.511,Minimal
Matt Kemp,CIN,OF,OF,20,60,4,12,2,0,1,5,0,0,1,19,0,1,0,0.2,0.21,0.283,0.493,Minimal
Yadiel Rivera,MIA,SS,IF,34,60,8,11,2,0,0,3,2,0,6,20,0,0,0,0.183,0.258,0.217,0.475,Minimal
Franmil Reyes,CLE,OF,OF,17,60,4,9,2,0,2,7,0,0,2,23,0,2,0,0.15,0.172,0.283,0.455,Minimal
Robel Garcia,CHC,3B,IF,19,59,6,13,2,2,4,8,0,0,3,26,0,1,0,0.22,0.254,0.525,0.779,Minimal
Meibrys Viloria,KC,C,C,17,59,3,13,4,0,1,8,0,0,4,19,0,0,0,0.22,0.27,0.339,0.609,Minimal
Kevin Cron,ARI,1B,IF,27,58,10,12,4,0,5,15,0,1,4,26,0,1,1,0.207,0.266,0.534,0.8,Minimal
Thairo Estrada,NYY,2B,IF,28,57,11,14,3,0,3,11,3,0,3,14,1,0,0,0.246,0.283,0.456,0.739,Minimal
Travis Demeritte,DET,OF,OF,16,56,8,15,2,2,1,4,3,0,7,22,0,1,0,0.268,0.344,0.429,0.773,Minimal
Jedd Gyorko,STL,3B,IF,38,56,5,11,0,0,2,7,2,0,6,14,0,0,0,0.196,0.274,0.304,0.578,Minimal
Aristides Aquino,CIN,OF,OF,16,55,15,19,1,0,11,22,0,0,4,14,0,0,0,0.345,0.39,0.964,1.354,Several
Ian Happ,CHC,3B,IF,21,54,12,15,2,1,4,11,0,0,7,15,0,0,0,0.278,0.361,0.574,0.935,Minimal
Yasiel Puig,CLE,OF,OF,14,54,8,20,5,1,2,10,2,1,4,12,0,0,1,0.37,0.424,0.611,1.035,Minimal
Isaac Galloway,MIA,OF,OF,19,54,6,9,1,0,0,1,2,0,0,17,0,0,0,0.167,0.167,0.185,0.352,Minimal
Derek Fisher,HOU,OF,OF,17,53,9,12,2,1,1,5,4,1,7,14,0,0,0,0.226,0.317,0.358,0.675,Minimal
Brad Miller,PHI,2B,IF,38,51,8,11,0,1,3,8,1,0,7,16,0,0,1,0.216,0.322,0.431,0.753,Minimal
Mac Williamson,SF,OF,OF,15,51,3,6,1,0,1,7,2,0,5,18,0,0,1,0.118,0.211,0.196,0.407,Minimal
Terrance Gore,KC,OF,OF,37,51,13,14,2,1,0,1,13,5,6,18,0,0,1,0.275,0.362,0.353,0.715,Minimal
Tyler Wade,NYY,2B,IF,21,51,9,11,0,0,1,6,5,0,7,18,2,0,1,0.216,0.322,0.275,0.597,Minimal
Christian Arroyo,TB,3B,IF,16,50,8,11,2,0,2,7,0,0,5,18,1,0,1,0.22,0.304,0.38,0.684,Minimal
Jonathan Davis,TOR,OF,OF,18,50,3,7,0,0,1,2,1,1,2,13,0,0,0,0.14,0.173,0.2,0.373,Minimal
Keon Broxton,NYM,OF,OF,34,49,5,7,1,0,0,2,4,1,4,22,0,0,0,0.143,0.208,0.163,0.371,Minimal
Phil Gosselin,PHI,2B,IF,32,49,3,12,3,0,0,6,0,0,1,10,0,0,0,0.245,0.26,0.306,0.566,Minimal
Hanley Ramirez,CLE,1B,IF,16,49,4,9,1,0,2,8,0,0,8,17,0,0,0,0.184,0.298,0.327,0.625,Minimal
Scooter Gennett,SF,2B,IF,15,48,9,13,3,0,2,5,0,0,1,13,0,1,1,0.271,0.294,0.458,0.752,Minimal
Chad Wallach,MIA,C,C,19,48,4,12,3,0,1,3,0,0,6,12,0,0,0,0.25,0.333,0.375,0.708,Minimal
Franklin Barreto,OAK,2B,IF,17,47,6,5,1,0,2,4,1,0,1,18,0,0,0,0.106,0.125,0.255,0.38,Minimal
Pat Valaika,COL,2B,IF,26,47,6,6,1,0,1,2,0,0,6,21,0,0,0,0.128,0.226,0.213,0.439,Minimal
Miguel Andujar,NYY,3B,IF,12,47,1,6,0,0,0,1,0,0,1,11,0,1,0,0.128,0.143,0.128,0.271,Minimal
J.B. Shuck,PIT,OF,OF,27,47,4,10,0,1,0,2,1,1,8,10,1,0,1,0.213,0.339,0.255,0.594,Minimal
Eric Sogard,TB,2B,IF,15,46,10,16,5,0,3,8,2,0,7,6,0,0,0,0.348,0.434,0.652,1.086,Minimal
Jake Rogers,DET,C,C,14,46,8,7,0,0,4,7,0,0,8,21,1,0,0,0.152,0.278,0.413,0.691,Minimal
Kyle Garlick,LAD,OF,OF,29,45,8,11,3,0,3,6,0,0,4,19,0,0,0,0.244,0.306,0.511,0.817,Minimal
Bobby Bradley,CLE,1B,IF,15,45,4,8,5,0,1,4,0,0,4,20,0,0,0,0.178,0.245,0.356,0.601,Minimal
Daniel Palka,CWS,OF,OF,17,45,0,1,0,0,0,2,0,0,6,18,0,0,1,0.022,0.154,0.022,0.176,Minimal
AJ Reed,CWS,1B,IF,14,44,1,6,0,0,1,4,0,0,4,21,0,1,0,0.136,0.204,0.205,0.409,Minimal
Dustin Peterson,DET,OF,OF,17,44,3,10,4,0,0,6,1,0,2,14,0,0,1,0.227,0.277,0.318,0.595,Minimal
Bobby Wilson,DET,C,C,15,44,2,4,1,0,0,2,0,0,2,11,1,0,0,0.091,0.13,0.114,0.244,Minimal
Peter Bourjos,LAA,OF,OF,26,44,4,4,1,0,0,2,2,0,1,15,0,1,0,0.091,0.109,0.114,0.223,Minimal
Isan Diaz,MIA,2B,IF,12,44,4,8,1,0,1,2,0,1,3,17,0,0,1,0.182,0.25,0.273,0.523,Minimal
Austin Allen,SD,C,C,21,44,2,11,3,0,0,3,0,0,5,10,0,0,0,0.25,0.327,0.318,0.645,Minimal
Trent Grisham,MIL,OF,OF,13,43,8,12,2,0,3,10,0,1,4,14,0,2,0,0.279,0.327,0.535,0.862,Minimal
Alen Hanson,TOR,2B,IF,18,43,5,7,0,0,0,4,1,0,3,17,0,1,1,0.163,0.229,0.163,0.392,Minimal
Austin Wynns,BAL,C,C,16,43,3,10,1,0,0,3,0,0,3,7,1,0,0,0.233,0.283,0.256,0.539,Minimal
Luis Guillorme,NYM,3B,IF,28,42,6,8,1,0,1,2,0,0,2,11,0,0,0,0.19,0.227,0.286,0.513,Minimal
Jack Mayfield,HOU,2B,IF,16,42,5,6,4,0,1,3,0,0,1,8,0,0,0,0.143,0.163,0.31,0.473,Minimal
Yonathan Daza,COL,OF,OF,16,42,1,6,0,0,0,1,0,0,2,9,0,0,0,0.143,0.182,0.143,0.325,Minimal
Peter O'Brien,MIA,1B,IF,14,42,2,7,1,0,1,4,1,0,4,19,0,0,1,0.167,0.255,0.262,0.517,Minimal
Corey Dickerson,PHI,OF,OF,12,42,4,12,2,1,3,10,0,0,0,11,0,1,0,0.286,0.279,0.595,0.874,Minimal
Andrew Knizner,STL,C,C,13,42,5,8,2,0,1,4,2,0,3,11,0,0,1,0.19,0.261,0.31,0.571,Minimal
Cesar Puello,LAA,OF,OF,12,41,6,16,3,0,3,12,0,0,3,8,0,0,6,0.39,0.5,0.683,1.183,Minimal
Eric Stamets,CLE,SS,IF,15,41,4,2,1,0,0,2,0,0,5,24,1,1,0,0.049,0.149,0.073,0.222,Minimal
Richard Urena,TOR,SS,IF,16,40,2,10,3,0,0,0,0,0,1,13,2,0,0,0.25,0.268,0.325,0.593,Minimal
Carlos Gonzalez,CHC,OF,OF,15,40,8,7,2,0,1,3,0,2,8,19,0,1,0,0.175,0.306,0.3,0.606,Minimal
Kyle Higashioka,NYY,C,C,10,39,7,10,4,0,3,9,0,0,0,18,0,1,0,0.256,0.25,0.59,0.84,Minimal
Michael Perez,TB,C,C,15,39,6,10,5,0,0,2,0,0,6,15,0,0,1,0.256,0.37,0.385,0.755,Minimal
Socrates Brito,TOR,OF,OF,17,39,5,3,0,1,0,2,0,0,4,17,0,0,0,0.077,0.163,0.128,0.291,Minimal
Carter Kieboom,WAS,SS,IF,11,39,4,5,0,0,2,2,0,0,4,16,0,0,0,0.128,0.209,0.282,0.491,Minimal
Jared Walsh,LAA,1B,IF,18,38,3,9,2,0,0,2,0,0,2,16,0,0,0,0.237,0.275,0.289,0.564,Minimal
Yonder Alonso,COL,1B,IF,22,38,9,13,4,0,3,8,0,0,8,8,0,0,0,0.342,0.457,0.684,1.141,Minimal
Kris Negron,LAD,SS,IF,14,38,8,11,0,0,2,7,0,0,2,12,0,0,0,0.289,0.325,0.447,0.772,Minimal
Jesus Aguilar,TB,1B,IF,14,37,7,13,0,0,1,5,0,0,6,7,0,1,0,0.351,0.432,0.432,0.864,Minimal
Derek Fisher,TOR,OF,OF,15,37,8,6,0,0,3,6,0,0,5,15,0,0,0,0.162,0.262,0.405,0.667,Minimal
Brad Miller,CLE,2B,IF,13,36,4,9,3,0,1,4,1,0,4,10,0,0,0,0.25,0.325,0.417,0.742,Minimal
Jason Martin,PIT,OF,OF,19,36,4,9,2,0,0,2,2,0,3,10,0,0,0,0.25,0.308,0.306,0.614,Minimal
Mark Zagunis,CHC,OF,OF,29,35,2,9,3,0,0,5,0,0,4,15,0,0,0,0.257,0.333,0.343,0.676,Minimal
Edwin Rios,LAD,1B,IF,17,35,8,10,2,1,2,4,0,0,8,13,0,0,0,0.286,0.419,0.571,0.99,Minimal
Greg Bird,NYY,1B,IF,10,35,6,6,0,0,1,1,0,0,6,16,0,0,0,0.171,0.293,0.257,0.55,Minimal
Reese McGuire,TOR,C,C,10,34,5,9,2,0,3,4,0,0,0,7,0,0,0,0.265,0.265,0.588,0.853,Minimal
DJ Stewart,BAL,OF,OF,10,33,0,4,0,0,0,0,1,0,1,12,0,0,0,0.121,0.147,0.121,0.268,Minimal
Keon Broxton,SEA,OF,OF,13,33,1,5,0,0,1,4,2,3,3,19,0,2,0,0.152,0.211,0.242,0.453,Minimal
Breyvic Valera,NYY,2B,IF,11,32,5,7,1,1,0,3,0,0,4,5,0,0,1,0.219,0.324,0.313,0.637,Minimal
Erik Kratz,SF,C,C,15,32,1,4,2,0,1,3,0,0,2,6,0,0,2,0.125,0.222,0.281,0.503,Minimal
Max Moroff,CLE,2B,IF,20,32,3,4,1,0,1,4,1,0,2,16,1,0,0,0.125,0.176,0.25,0.426,Minimal
Tim Lopes,SEA,2B,IF,12,31,4,8,1,0,1,7,1,1,3,5,0,1,1,0.258,0.333,0.387,0.72,Minimal
Giancarlo Stanton,NYY,OF,OF,9,31,4,9,1,0,1,7,0,0,7,13,0,0,0,0.29,0.421,0.419,0.84,Minimal
Aaron Altherr,PHI,OF,OF,22,29,2,1,1,0,0,1,0,0,1,9,0,0,0,0.034,0.067,0.069,0.136,Minimal
Caleb Joseph,ARI,C,C,13,28,4,4,2,0,0,2,0,0,1,8,1,0,1,0.143,0.2,0.214,0.414,Minimal
Tony Kemp,CHC,OF,OF,13,28,1,6,1,1,0,4,0,0,0,6,0,1,0,0.214,0.207,0.321,0.528,Minimal
Jose Trevino,TEX,C,C,9,27,2,5,0,0,0,2,0,0,0,9,0,0,0,0.185,0.185,0.185,0.37,Minimal
Aaron Altherr,NYM,OF,OF,23,27,6,4,1,0,1,2,0,0,2,14,0,1,1,0.148,0.226,0.296,0.522,Minimal
Max Stassi,LAA,C,C,11,27,1,1,0,0,0,1,0,0,2,10,0,1,0,0.037,0.1,0.037,0.137,Minimal
Matt Skole,CWS,1B,IF,10,27,3,7,1,0,0,3,0,0,2,13,0,0,0,0.259,0.31,0.296,0.606,Minimal
Adrian Sanchez,WAS,2B,IF,24,27,2,6,0,0,0,0,0,0,1,9,0,0,0,0.222,0.25,0.222,0.472,Minimal
Martin Maldonado,HOU,C,C,8,27,6,4,1,0,1,1,0,0,4,11,0,0,0,0.148,0.258,0.296,0.554,Minimal
Zack Collins,CWS,C,C,9,26,4,2,0,0,1,3,0,0,5,14,0,0,0,0.077,0.226,0.192,0.418,Minimal
Patrick Wisdom,TEX,3B,IF,9,26,1,4,1,0,0,1,0,0,1,15,1,0,0,0.154,0.185,0.192,0.377,Minimal
Blake Swihart,BOS,C,C,12,26,4,6,1,0,1,4,0,0,2,7,0,0,1,0.231,0.31,0.385,0.695,Minimal
Lane Thomas,STL,OF,OF,24,26,5,9,0,1,3,10,1,0,3,6,0,0,0,0.346,0.414,0.769,1.183,Minimal
Garrett Stubbs,HOU,C,C,9,25,2,4,1,0,0,2,1,0,2,5,0,0,0,0.16,0.222,0.2,0.422,Minimal
Asdrubal Cabrera,WAS,2B,IF,7,25,4,8,4,0,0,5,0,0,5,3,0,0,0,0.32,0.433,0.48,0.913,Minimal
Braden Bishop,SEA,OF,OF,10,24,1,2,0,0,0,2,0,0,0,9,0,0,0,0.083,0.083,0.083,0.166,Minimal
Mikie Mahtook,DET,OF,OF,9,23,0,0,0,0,0,0,0,0,2,11,0,0,0,0,0.08,0,0.08,Minimal
Kris Negron,SEA,SS,IF,10,23,3,5,0,0,0,1,1,0,2,9,0,0,0,0.217,0.28,0.217,0.497,Minimal
Travis d'Arnaud,NYM,C,C,10,23,2,2,0,0,0,2,0,0,2,5,0,0,0,0.087,0.16,0.087,0.247,Minimal
Joe Panik,NYM,2B,IF,8,22,5,6,1,0,0,2,0,0,2,2,0,0,0,0.273,0.333,0.318,0.651,Minimal
Beau Taylor,OAK,C,C,9,22,3,4,0,0,2,2,0,0,4,6,0,0,1,0.182,0.333,0.455,0.788,Minimal
Tyler White,LAD,1B,IF,12,22,2,1,0,0,0,2,0,0,4,4,0,0,0,0.045,0.192,0.045,0.237,Minimal
Tzu-Wei Lin,BOS,SS,IF,13,20,3,4,2,0,0,1,1,1,2,6,0,0,0,0.2,0.273,0.3,0.573,Minimal
Dustin Pedroia,BOS,2B,IF,6,20,1,2,0,0,0,1,0,0,1,2,0,0,0,0.1,0.143,0.1,0.243,Minimal
Jorge Bonifacio,KC,OF,OF,5,20,3,7,3,0,0,3,0,0,1,7,0,0,0,0.35,0.381,0.5,0.881,Minimal
Jake Elmore,PIT,2B,IF,11,20,0,1,0,0,0,0,0,0,0,3,0,0,0,0.05,0.05,0.05,0.1,Minimal
Andrew Stevenson,WAS,OF,OF,18,20,3,7,1,0,0,0,0,0,3,7,0,0,1,0.35,0.458,0.4,0.858,Minimal
Josh Rojas,ARI,2B,IF,6,19,3,5,1,0,0,1,0,1,1,4,0,0,0,0.263,0.3,0.316,0.616,Minimal
Alex Dickerson,SD,OF,OF,12,19,1,3,0,0,0,2,0,0,0,7,0,0,0,0.158,0.158,0.158,0.316,Minimal
Rangel Ravelo,STL,1B,IF,14,19,0,3,2,0,0,1,0,0,1,8,0,0,0,0.158,0.2,0.263,0.463,Minimal
Taylor Davis,CHC,C,C,7,18,2,3,0,0,1,4,0,0,2,4,0,0,0,0.167,0.25,0.333,0.583,Minimal
Aramis Garcia,SF,1B,IF,7,18,4,3,0,0,2,3,0,0,2,9,0,0,0,0.167,0.25,0.5,0.75,Minimal
Ryan Lavarnway,CIN,C,C,5,18,4,5,2,0,2,7,0,0,1,5,0,0,0,0.278,0.316,0.722,1.038,Minimal
Jonathan Lucroy,CHC,C,C,6,18,1,6,1,0,0,2,0,0,1,3,0,0,1,0.333,0.4,0.389,0.789,Minimal
Josh Fuentes,COL,3B,IF,9,18,2,2,0,0,0,0,0,0,0,8,0,0,0,0.111,0.111,0.111,0.222,Minimal
Freddy Galvis,CIN,SS,IF,5,17,3,9,0,0,1,3,0,0,0,5,0,1,0,0.529,0.5,0.706,1.206,Minimal
Juan Graterol,CIN,C,C,5,17,1,3,0,0,0,1,0,0,0,4,0,0,0,0.176,0.176,0.176,0.352,Minimal
Drew Butera,COL,C,C,7,17,4,3,2,0,0,0,0,0,1,4,1,0,0,0.176,0.222,0.294,0.516,Minimal
Erik Kratz,TB,C,C,6,17,0,1,0,0,0,0,0,0,0,8,0,0,0,0.059,0.059,0.059,0.118,Minimal
Dustin Garneau,OAK,C,C,7,17,3,5,2,0,1,7,0,0,2,4,0,0,0,0.294,0.368,0.588,0.956,Minimal
Ryan Court,SEA,SS,IF,8,17,1,4,1,0,1,5,0,0,1,5,0,0,0,0.235,0.278,0.471,0.749,Minimal
Kevin Pillar,TOR,OF,OF,5,16,1,1,0,0,0,1,0,0,0,3,0,1,0,0.063,0.059,0.063,0.122,Minimal
Corban Joseph,OAK,2B,IF,4,16,3,5,0,0,1,2,0,0,0,2,0,1,0,0.313,0.294,0.5,0.794,Minimal
Rocky Gale,LAD,C,C,5,15,1,2,0,0,0,0,0,0,0,7,0,0,0,0.133,0.133,0.133,0.266,Minimal
Mike Gerber,SF,OF,OF,4,15,0,1,1,0,0,0,0,0,1,9,0,0,0,0.067,0.125,0.133,0.258,Minimal
Franchy Cordero,SD,OF,OF,9,15,2,5,1,0,0,1,1,0,4,7,0,1,0,0.333,0.45,0.4,0.85,Minimal
Connor Joe,SF,OF,OF,8,15,1,1,0,0,0,0,0,0,1,5,0,0,0,0.067,0.125,0.067,0.192,Minimal
Frank Schwindel,KC,1B,IF,6,15,0,1,0,0,0,0,0,0,0,2,0,0,0,0.067,0.067,0.067,0.134,Minimal
Zach Green,SF,3B,IF,8,14,1,2,1,0,0,1,0,0,2,6,0,0,0,0.143,0.25,0.214,0.464,Minimal
Joey Rickard,SF,OF,OF,6,13,3,3,1,0,1,1,0,0,3,3,0,0,0,0.231,0.375,0.538,0.913,Minimal
Andrew Velazquez,TB,SS,IF,10,12,2,1,1,0,0,0,0,0,0,6,0,0,0,0.083,0.083,0.167,0.25,Minimal
Jarrett Parker,LAA,OF,OF,5,12,1,0,0,0,0,0,0,0,3,8,0,0,0,0,0.2,0,0.2,Minimal
Jake Noll,WAS,2B,IF,8,12,1,2,1,0,0,2,0,0,1,4,0,0,0,0.167,0.231,0.25,0.481,Minimal
Seby Zavala,CWS,C,C,5,12,1,1,0,0,0,0,0,0,0,9,0,0,0,0.083,0.083,0.083,0.166,Minimal
Martin Maldonado,CHC,C,C,4,11,0,0,0,0,0,0,0,0,2,5,0,0,0,0,0.154,0,0.154,Minimal
Troy Tulowitzki,NYY,SS,IF,5,11,1,2,1,0,1,1,0,0,2,4,0,0,0,0.182,0.308,0.545,0.853,Minimal
Nick Martini,OAK,OF,OF,6,11,1,1,0,0,1,2,0,0,2,5,0,0,0,0.091,0.231,0.364,0.595,Minimal
Alex Jackson,ATL,C,C,3,10,0,0,0,0,0,0,0,0,1,3,0,0,0,0,0.091,0,0.091,Minimal
Scott Heineman,TEX,OF,OF,4,10,0,2,0,0,0,0,0,0,1,2,0,0,0,0.2,0.273,0.2,0.473,Minimal
Taylor Ward,LAA,3B,IF,7,10,1,1,1,0,0,0,0,0,1,7,0,0,0,0.1,0.182,0.2,0.382,Minimal
Domingo Leyba,ARI,SS,IF,10,9,1,3,1,0,0,1,0,0,1,4,0,0,0,0.333,0.4,0.444,0.844,Minimal
Anthony Bemboom,LAA,C,C,4,8,0,1,0,0,0,1,0,0,0,5,0,0,0,0.125,0.125,0.125,0.25,Minimal
Michael Reed,SF,OF,OF,4,8,0,0,0,0,0,0,0,0,0,6,0,0,0,0,0,0,0,Minimal
Chris Owings,BOS,OF,OF,3,8,0,1,1,0,0,2,0,0,0,5,0,0,0,0.125,0.125,0.25,0.375,Minimal
Randy Arozarena,STL,OF,OF,3,8,0,2,0,0,0,1,0,0,0,2,0,0,0,0.25,0.25,0.25,0.5,Minimal
Nick Dini,KC,C,C,2,7,1,1,0,0,0,0,0,0,1,2,0,0,0,0.143,0.25,0.143,0.393,Minimal
Rajai Davis,NYM,OF,OF,4,7,2,2,0,0,1,3,0,0,0,2,0,0,0,0.286,0.286,0.714,1,Minimal
Wilkin Castillo,MIA,C,C,2,7,0,1,1,0,0,2,0,0,0,3,0,0,0,0.143,0.143,0.286,0.429,Minimal
Ruben Tejada,NYM,SS,IF,4,7,0,0,0,0,0,0,0,0,0,2,0,0,0,0,0,0,0,Minimal
Logan Morrison,PHI,1B,IF,4,7,0,3,1,0,0,0,0,0,0,0,0,0,0,0.429,0.429,0.571,1,Minimal
Drew Robinson,STL,OF,OF,5,7,1,1,0,0,0,0,0,0,0,3,0,0,0,0.143,0.143,0.143,0.286,Minimal
Skye Bolt,OAK,OF,OF,4,7,1,1,1,0,0,0,0,0,1,2,0,0,0,0.143,0.25,0.286,0.536,Minimal
Yasmany Tomas,ARI,OF,OF,4,6,0,0,0,0,0,0,0,0,0,3,0,0,0,0,0,0,0,Minimal
Nick Ciuffo,TB,C,C,3,6,0,1,0,0,0,0,0,0,0,3,0,0,0,0.167,0.167,0.167,0.334,Minimal
Eric Haase,CLE,C,C,2,6,0,0,0,0,0,0,0,0,1,4,0,0,0,0,0.143,0,0.143,Minimal
Adeiny Hechavarria,ATL,SS,IF,2,6,2,2,1,0,0,0,0,0,1,2,0,0,0,0.333,0.429,0.5,0.929,Minimal
Rafael Ortega,ATL,OF,OF,4,6,0,2,1,0,0,0,0,0,0,1,0,0,0,0.333,0.333,0.5,0.833,Minimal
Deven Marrero,MIA,3B,IF,5,5,0,0,0,0,0,0,0,0,0,3,0,0,0,0,0,0,0,Minimal
Jose Pirela,SD,2B,IF,2,5,0,0,0,0,0,0,0,0,0,3,0,0,0,0,0,0,0,Minimal
Jim Adduci,CHC,1B,IF,2,5,0,0,0,0,0,0,0,0,0,3,0,0,0,0,0,0,0,Minimal
Ichiro Suzuki,SEA,OF,OF,2,5,0,0,0,0,0,0,0,0,1,1,0,0,0,0,0.167,0,0.167,Minimal
Anthony Bemboom,TB,C,C,3,5,0,2,1,0,0,1,0,0,0,2,0,0,0,0.4,0.4,0.6,1,Minimal
Jacob Nottingham,MIL,C,C,6,5,1,2,0,0,1,4,0,0,0,2,0,0,0,0.4,0.4,1,1.4,Minimal
Brett Phillips,KC,OF,OF,2,5,0,0,0,0,0,1,1,0,2,1,0,0,0,0,0.286,0,0.286,Minimal
Brian O'Grady,CIN,OF,OF,5,5,0,1,0,0,0,0,0,0,0,1,0,0,0,0.2,0.2,0.2,0.4,Minimal
Yu Chang,CLE,SS,IF,2,4,0,0,0,0,0,0,0,0,0,2,0,0,0,0,0,0,0,Minimal
Dom Nunez,COL,C,C,1,4,1,1,0,0,1,1,0,0,0,0,0,0,0,0.25,0.25,1,1.25,Minimal
Tyler Austin,MIN,1B,IF,2,4,1,1,1,0,0,0,0,0,1,3,0,0,0,0.25,0.4,0.5,0.9,Minimal
Michael Hermosillo,LAA,OF,OF,1,3,1,0,0,0,0,0,0,0,1,2,0,0,0,0,0.25,0,0.25,Minimal
Drew Jackson,BAL,SS,IF,3,3,0,0,0,0,0,0,0,0,1,1,0,0,0,0,0.25,0,0.25,Minimal
Anthony Alford,TOR,OF,OF,1,3,0,0,0,0,0,0,0,0,0,1,0,0,0,0,0,0,0,Minimal
Edmundo Sosa,STL,SS,IF,3,3,0,1,0,0,0,0,0,0,0,1,0,0,0,0.333,0.333,0.333,0.666,Minimal
Mauricio Dubon,MIL,SS,IF,2,2,0,0,0,0,0,0,0,0,0,1,0,0,0,0,0,0,0,Minimal
David Freitas,SEA,C,C,1,2,1,0,0,0,0,1,0,0,1,0,0,1,0,0,0.25,0,0.25,Minimal
Noel Cuevas,COL,OF,OF,1,2,0,0,0,0,0,0,0,0,0,0,0,0,0,0,0,0,0,Minimal
Mitch Walding,PHI,3B,IF,2,2,0,0,0,0,0,0,0,0,0,2,0,0,0,0,0,0,0,Minimal
LaMonte Wade,MIN,OF,OF,2,2,1,0,0,0,0,0,0,1,1,0,0,0,1,0,0.5,0,0.5,Minimal
Raudy Read,WAS,C,C,1,1,0,0,0,0,0,0,0,0,0,0,0,0,0,0,0,0,0,Minimal
Jose Rondon,BAL,DH,DH,1,1,0,0,0,0,0,0,0,0,0,0,0,0,0,0,0,0,0,Minimal
Travis Jankowski,SD,OF,OF,2,1,0,0,0,0,0,0,0,0,0,0,0,0,0,0,0,0,0,Minimal
Dylan Cozens,PHI,OF,OF,1,1,0,0,0,0,0,0,0,0,0,0,0,0,0,0,0,0,0,Minimal
Travis d'Arnaud,LAD,C,C,1,1,0,0,0,0,0,0,0,0,0,0,0,0,0,0,0,0,0,Minimal
Aaron Altherr,SF,OF,OF,1,1,0,0,0,0,0,0,0,0,0,1,0,0,0,0,0,0,0,Minimal
Rob Brantly,PHI,C,C,1,1,0,0,0,0,0,0,0,0,0,1,0,0,0,0,0,0,0,Minimal
Kevin Kramer,PIT,2B,IF,1,0,1,0,0,0,0,0,0,0,1,0,0,0,0,0,1,0,1,Minimal
