Name,Height,Side
A.Q. Shipley,73,OFF
Evan Boehm,74,OFF
Taylor Boggs,75,OFF
Justin Bethel,72,DEF
Harlan Miller,72,DEF
Cariel Brooks,69,DEF
Mike Jenkins,70,DEF
Jerraud Powers,70,DEF
Asa Jackson,70,DEF
Shaun Prater,70,DEF
Ronald Zamort,70,DEF
Brandon Williams,71,DEF
Elie Bouka,73,DEF
Patrick Peterson,73,DEF
Trevon Hartfield,74,DEF
Chandler Jones,77,DEF
Tristan Okpalaugo,78,DEF
Frostee Rucker,75,DEF
Corey Peters,75,DEF
Red Bryant,76,DEF
Ed Stinson,76,DEF
Olsen Pierre,76,DEF
Robert Nkemdiche,76,DEF
Rodney Gunter,77,DEF
Josh Mauro,78,DEF
Calais Campbell,80,DEF
Earl Watford,75,OFF
Jake Bernstein,76,OFF
Evan Mathis,77,OFF
Mike Iupati,77,OFF
Antoine McClain,77,OFF
Kevin Minter,72,DEF
Quayshawn Nealy,72,DEF
Lamar Louis,72,DEF
Markus Golden,74,DEF
Gabe Martin,74,DEF
Mike Reilly,75,DEF
Zack Wagenmann,75,DEF
Alex Okafor,76,DEF
Alani Fua,77,DEF
Kareem Martin,78,DEF
Shaq Riddick,78,DEF
Daniel Dillon,75,ST
Kameron Canaday,76,ST
Xavier Williams,74,DEF
Givens Price,76,OFF
D.J. Humphries,77,OFF
Cole Toner,77,OFF
Clay DeBord,78,OFF
Rob Crisp,79,OFF
John Wetzel,79,OFF
Jared Veldheer,80,OFF
Garrett Swanson,72,ST
Drew Butler,73,ST
Chandler Catanzaro,75,ST
Matt Barkley,74,OFF
Drew Stanton,75,OFF
Carson Palmer,77,OFF
Jake Coker,77,OFF
Kerwynn Williams,68,OFF
Andre Ellington,69,OFF
Stepfan Taylor,69,OFF
Chris Johnson,71,OFF
David Johnson,73,OFF
Elijhaa Penny,74,OFF
Tyvon Branch,72,DEF
Tyrequek Zimmerman,72,DEF
Tyrann Mathieu,69,DEF
D.J. Swearinger,70,DEF
Matthias Farley,71,DEF
Tony Jefferson,71,DEF
Chris Clemons,73,DEF
Deone Bucannon,73,DEF
Marqui Christian,73,DEF
Durell Eskridge,75,DEF
Gerald Christian,75,OFF
Jermaine Gresham,77,OFF
Hakeem Valles,77,OFF
Troy Niklas,78,OFF
Darren Fells,79,OFF
Ifeanyi Momah,79,OFF
Chris Hubert,69,OFF
J.J. Nelson,70,OFF
Amir Carlisle,70,OFF
Brittan Golden,71,OFF
John Brown,71,OFF
Rico Richardson,73,OFF
Jaxon Shipley,73,OFF
Jaron Brown,74,OFF
Michael Floyd,74,OFF
Larry Fitzgerald,75,OFF
Chris Chester,75,OFF
James Stone,75,OFF
Alex Mack,76,OFF
Mike Person,76,OFF
Desmond Trufant,72,DEF
Jordan Sefon,72,DEF
David Mims,70,DEF
Robert Alford,70,DEF
DeMarcus Van Dyke,73,DEF
Jalen Collins,73,DEF
Devonte Johnson,73,DEF
Akeem King,73,DEF
Sharrod Neasman,72,DEF
Robenson Therezie,69,DEF
Brian Poole,69,DEF
Damian Parms,74,DEF
Jonathan Babineaux,74,DEF
Derrick Shelby,74,DEF
Vic Beasley Jr.,74,DEF
Adrian Clayborn,75,DEF
Nordly Capi,75,DEF
Malliciah Goodman,76,DEF
Brandon Williams,77,DEF
Ra'Shede Hageman,78,DEF
Grady Jarrett,72,DEF
Cory Johnson,75,DEF
Joey Mbu,75,DEF
Tyson Jackson,76,DEF
Patrick DiMarco,73,OFF
Andy Levitre,74,OFF
Michael Huey,76,OFF
Ben Garland,77,OFF
Paul Worrilow,72,DEF
Will Ratelle,71,DEF
LaRoy Reynolds,73,DEF
Deion Jones,73,DEF
Philip Wheeler,74,DEF
Sean Weatherspoon,74,DEF
Courtney Upshaw,74,DEF
Torrey Green,74,DEF
Brooks Reed,75,DEF
De'Vondre Campbell,76,DEF
Ivan McLennan,76,DEF
Tyler Starr,77,DEF
Josh Harris,73,ST
Chris Mayes,75,DEF
Collin Rahrig,74,OFF
Shahbaz Ahmed,75,OFF
Jake Reed,76,OFF
Tom Compton,77,OFF
Jake Matthews,77,OFF
Wes Schweitzer,77,OFF
Bryce Harris,78,OFF
Laurence Gibson,78,OFF
Ryan Schraeder,79,OFF
Matt Bosher,72,ST
Matt Bryant,69,ST
Nick Rose,74,ST
Matt Simms,75,OFF
Matt Ryan,76,OFF
Sean Renfree,77,OFF
Matt Schaub,78,OFF
Tevin Coleman,72,OFF
Terron Ward,67,OFF
Devonta Freeman,68,OFF
Gus Johnson,70,OFF
Brandon Wilds,73,OFF
Keanu Neal,72,DEF
Ricardo Allen,69,DEF
Charles Godfrey,71,DEF
Kemal Ishmael,72,DEF
Jacob Tamme,75,OFF
DJ Tialavea,76,OFF
Joshua Perkins,76,OFF
Austin Hooper,76,OFF
Levine Toilolo,80,OFF
Devin Fuller,72,OFF
David Glidden,67,OFF
Daje Johnson,69,OFF
Eric Weems,69,OFF
Aldrick Robinson,70,OFF
Nick Williams,70,OFF
Justin Hardy,70,OFF
Devin Hester,71,OFF
J.D. McKissic,71,OFF
Mohamed Sanu,74,OFF
Jordan Leslie,74,OFF
Julio Jones,75,OFF
C.J. Goodwin,75,OFF
Ryan Jensen,76,OFF
Anthony Fabiano,77,OFF
Tavon Young,69,DEF
Lardarius Webb,70,DEF
Kyle Arrington,70,DEF
Shareece Wright,71,DEF
Will Davis,71,DEF
Maurice Canady,73,DEF
Jimmy Smith,74,DEF
Sheldon Price,74,DEF
Julian Wilson,74,DEF
Jumal Rolle,72,DEF
Matt Judon,75,DEF
Lawrence Guy,76,DEF
Kapron Lewis-Moore,76,DEF
Bronson Kaufusi,78,DEF
Brent Urban,79,DEF
Michael Pierce,72,DEF
Trevon Coley,72,DEF
Brandon Williams,73,DEF
Timmy Jernigan,74,DEF
Willie Henry,75,DEF
Carl Davis,77,DEF
Kyle Juszczyk,73,OFF
Jeremy Zuttah,76,OFF
Jarell Broxton,77,OFF
Arthur Brown,72,DEF
Zachary Orr,72,DEF
Cavellis Luckett,72,DEF
Elvis Dumervil,71,DEF
Chris Carter,73,DEF
Victor Ochi,73,DEF
Albert McClellan,74,DEF
C.J. Mosley,74,DEF
Patrick Onwuasor,74,DEF
Terrell Suggs,75,DEF
Kamalei Correa,75,DEF
Mario Ojemudia,75,DEF
Brennen Beyer,76,DEF
Za'Darius Smith,76,DEF
Blaine Clausell,79,DEF
Morgan Cox,76,ST
Marshal Yanda,75,OFF
John Urschel,75,OFF
James Hurst,77,OFF
Alex Lewis,77,OFF
Ronnie Stanley,77,OFF
Rick Wagner,78,OFF
De'Ondre Wesley,78,OFF
Sam Koch,73,ST
Wil Lutz,72,ST
Justin Tucker,73,ST
Josh Johnson,75,OFF
Jerrod Johnson,77,OFF
Joe Flacco,78,OFF
Ryan Mallett,78,OFF
Javorius Allen,72,OFF
Lorenzo Taliaferro,72,OFF
Justin Forsett,68,OFF
Trent Richardson,69,OFF
Terrance West,70,OFF
Kenneth Dixon,70,OFF
Kendrick Lewis,72,DEF
Matt Elam,70,DEF
Eric Weddle,71,DEF
Anthony Levine,71,DEF
Terrence Brooks,71,DEF
Benjamin Watson,75,OFF
Dennis Pitta,76,OFF
Nick Boyle,76,OFF
Maxx Williams,76,OFF
Crockett Gillmore,78,OFF
Mike Wallace,72,OFF
Chris Moore,72,OFF
Steve Smith Sr.,69,OFF
Michael Campanaro,69,OFF
Kaelin Clay,70,OFF
Keenan Reynolds,71,OFF
Kamar Aiken,74,OFF
Jeremy Butler,74,OFF
Breshad Perriman,74,OFF
Chris Matthews,77,OFF
Daniel Brown,77,OFF
Darren Waller,78,OFF
Robert Kugler,75,OFF
Eric Wood,76,OFF
Sammy Seamster,72,DEF
Nickell Robey,68,DEF
Javier Arenas,69,DEF
Sterling Moore,70,DEF
Ronald Darby,71,DEF
Kevon Seymour,71,DEF
Mario Butler,73,DEF
Corey White,73,DEF
Stephon Gilmore,73,DEF
Jerry Hughes,74,DEF
Jerel Worthy,74,DEF
Shaq Lawson,75,DEF
Leger Douzable,76,DEF
Lavar Edwards,76,DEF
Max Valles,76,DEF
Manny Lawson,77,DEF
Cedric Reed,77,DEF
Bryson Albright,77,DEF
Kyle Williams,73,DEF
Marcell Dareus,75,DEF
Adolphus Washington,75,DEF
Justin Zimmer,75,DEF
Corbin Bryant,76,DEF
T.J. Barnes,79,DEF
Jerome Felton,72,OFF
Glenn Gronkowski,74,OFF
John Miller,74,OFF
Richie Incognito,75,OFF
Fernando Velasco,76,OFF
Ryan Groy,77,OFF
Cyril Richardson,77,OFF
Jamison Lalk,78,OFF
Eric Striker,61,DEF
Lorenzo Alexander,73,DEF
Zach Brown,73,DEF
Kevin Reddick,73,DEF
IK Enemkpali,73,DEF
Preston Brown,73,DEF
Reggie Ragland,73,DEF
Jamari Lattimore,74,DEF
Randell Johnson,76,DEF
Garrison Sanborn,73,ST
Reid Ferguson,74,ST
Jordan Mills,77,OFF
Justin Renfrow,78,OFF
Marquis Lucas,75,OFF
Chris Martin,77,OFF
Cordy Glenn,78,OFF
Seantrel Henderson,79,OFF
Cyrus Kouandjio,79,OFF
Colton Schmidt,71,ST
Jordan Gay,73,ST
Dan Carpenter,74,ST
Marshall Morgan,75,ST
Tyrod Taylor,73,OFF
EJ Manuel,76,OFF
Cardale Jones,77,OFF
Daniel Herron,70,OFF
Jonathan Williams,70,OFF
LeSean McCoy,71,OFF
Mike Gillislee,71,OFF
Karlos Williams,73,OFF
James Wilder Jr.,75,OFF
Corey Graham,72,DEF
Jonathan Meeks,72,DEF
Aaron Williams,72,DEF
Colt Anderson,70,DEF
Duke Williams,71,DEF
Robert Blanton,73,DEF
Jonathan Dowling,75,DEF
Charles Clay,75,OFF
Chris Gragg,75,OFF
Nick O'Leary,75,OFF
Blake Annen,76,OFF
Jim Dray,77,OFF
Robert Woods,72,OFF
Marquise Goodwin,69,OFF
Walter Powell,71,OFF
Sammy Watkins,73,OFF
Kolby Listenbee,73,OFF
Marcus Easley,74,OFF
Leonard Hankerson,74,OFF
Greg Little,74,OFF
Greg Salas,74,OFF
Jarrett Boykin,74,OFF
Davonte Allen,74,OFF
Gary Chambers,76,OFF
Dezmin Lewis,76,OFF
Ryan Kalil,74,OFF
Gino Gradkowski,75,OFF
Tyler Larsen,76,OFF
Bene Benwikere,72,DEF
Robert McClain,69,DEF
Zack Sanchez,71,DEF
Travell Dixon,73,DEF
Lou Young,73,DEF
James Bradberry,73,DEF
Daryl Worley,73,DEF
Colin Jones,72,DEF
Kurt Coleman,71,DEF
Teddy Williams,73,DEF
Charles Johnson,74,DEF
Mario Addison,75,DEF
Rakim Cox,76,DEF
Ryan Delaire,76,DEF
Kony Ealy,76,DEF
Wes Horton,77,DEF
Larry Webster,78,DEF
Arthur Miley,78,DEF
Chas Alecxih,76,DEF
Kyle Love,73,DEF
Star Lotulelei,74,DEF
Eric Crume,74,DEF
Kawann Short,75,DEF
Robert Thomas,75,DEF
Vernon Butler,75,DEF
Paul Soliai,76,DEF
Mike Tolbert,69,OFF
Tre Boston,73,DEF
Dean Marlowe,73,DEF
Reese Dismukes,75,OFF
Jared Barber,72,DEF
Shaq Thompson,72,DEF
Thomas Davis,73,DEF
A.J. Klein,73,DEF
Brian Blechen,74,DEF
David Mayo,74,DEF
Luke Kuechly,75,DEF
Ben Jacobs,76,DEF
J.J. Jansen,74,ST
Trai Turner,75,OFF
Chris Scott,76,OFF
Andrew Norwell,78,OFF
Matthew Masifilo,75,OFF
Michael Oher,76,OFF
Donald Hawkins,76,OFF
Jordan Rigsbee,76,OFF
Mike Remmers,77,OFF
Daryl Williams,77,OFF
David Foucault,80,OFF
Mike Scifres,74,ST
Swayze Waters,71,ST
Graham Gano,74,ST
Joe Webb,76,OFF
Cam Newton,77,OFF
Derek Anderson,78,OFF
Devon Johnson,72,OFF
Jalen Simmons,68,OFF
Jonathan Stewart,70,OFF
Fozzy Whittaker,70,OFF
Cameron Artis-Payne,70,OFF
Brandon Wegher,70,OFF
Trenton Robinson,69,DEF
Marcus Ball,73,DEF
Roman Harper,73,DEF
Ed Dickson,76,OFF
Beau Sandland,76,OFF
Greg Olsen,77,OFF
Braxton Deaver,77,OFF
Scott Simonson,77,OFF
Damiere Byrd,69,OFF
Miles Shuler,70,OFF
Ted Ginn Jr.,71,OFF
Corey Brown,71,OFF
Kevin Norwood,74,OFF
Cobi Hamilton,74,OFF
Brenton Bersin,75,OFF
Keyarris Garrett,75,OFF
Stephen Hill,76,OFF
Devin Funchess,76,OFF
Kelvin Benjamin,77,OFF
Ted Larsen,74,OFF
Hroniss Grasu,75,OFF
Cornelius Edison,75,OFF
Jacoby Glenn,72,DEF
Bryce Callahan,69,DEF
Kevin Peterson,70,DEF
Tracy Porter,71,DEF
Kyle Fuller,71,DEF
Sherrick McManis,73,DEF
De'Vante Bausby,73,DEF
Taveze Calhoun,72,DEF
Jonathan Bullard,74,DEF
Greg Scruggs,75,DEF
Terry Williams,72,DEF
Ego Ferguson,74,DEF
Eddie Goldman,75,DEF
Mitch Unrein,76,DEF
Keith Browner,76,DEF
Marquis Jackson,76,DEF
Cornelius Washington,76,DEF
Roy Robertson-Harris,79,DEF
Will Sutton,72,DEF
Akiem Hicks,77,DEF
Cody Whitehair,75,OFF
Vladimir Ducasse,77,OFF
Jerrell Freeman,72,DEF
John Timu,72,DEF
Danny Trevathan,73,DEF
Lamin Barrow,73,DEF
Jonathan Anderson,73,DEF
Jarrett Grace,74,DEF
Nick Kwiatkoski,74,DEF
Lamarr Houston,75,DEF
Sam Acho,75,DEF
Pernell McPhee,75,DEF
Christian Jones,75,DEF
Willie Young,76,DEF
Leonard Floyd,78,DEF
Patrick Scales,76,ST
Aaron Brewer,77,ST
Donovan Williams,75,OFF
Amini Silatolu,76,OFF
John Kling,79,OFF
Charles Leno,75,OFF
Nate Chandler,76,OFF
Jason Weaver,77,OFF
Adrian Bellard,77,OFF
Kyle Long,78,OFF
Nick Becton,78,OFF
Bobby Massie,78,OFF
Martin Wallace,78,OFF
Ben LeCompte,70,ST
Pat O'Donnell,76,ST
Robbie Gould,72,ST
David Fales,73,OFF
Brian Hoyer,74,OFF
Jay Cutler,75,OFF
Jeremy Langford,72,OFF
Senorise Perry,72,OFF
Jacquizz Rodgers,66,OFF
Ka'Deem Carey,70,OFF
Paul Lasike,71,OFF
Jordan Howard,73,OFF
Adrian Amos,72,DEF
Deon Bush,72,DEF
Demontre Hurst,70,DEF
Harold Jones-Quartey,71,DEF
Chris Prosinski,73,DEF
DeAndre Houston-Carson,73,DEF
Deiondre' Hall,74,DEF
Tony Moeaki,75,OFF
Khari Lee,76,OFF
Ben Braunecker,76,OFF
Zach Miller,77,OFF
Rob Housler,77,OFF
Gannon Sinclair,78,OFF
Joshua Bellamy,72,OFF
Deonte Thompson,72,OFF
Eddie Royal,70,OFF
Daniel Braverman,70,OFF
Derek Keaton,70,OFF
Kieren Duncan,71,OFF
Marc Mariani,73,OFF
Darrin Peterson,74,OFF
Alshon Jeffery,75,OFF
Kevin White,75,OFF
Cameron Meredith,75,OFF
Marquess Wilson,76,OFF
Russell Bodine,75,OFF
T.J. Johnson,76,OFF
Clark Harris,77,OFF
William Jackson III,72,DEF
Adam Jones,70,DEF
Chris Lewis-Harris,70,DEF
Chykie Brown,71,DEF
Darqueze Dennard,71,DEF
Darius Hillary,71,DEF
Josh Shaw,73,DEF
Dre Kirkpatrick,74,DEF
Carlos Dunlap,78,DEF
Will Clarke,78,DEF
Ryan Brown,78,DEF
Michael Johnson,79,DEF
Margus Hunt,80,DEF
Geno Atkins,73,DEF
David Dean,73,DEF
DeShawn Williams,73,DEF
Pat Sims,74,DEF
Brandon Thompson,74,DEF
Andrew Billings,74,DEF
Domata Peko,75,DEF
Marcus Hardison,75,DEF
Andrew Bonnet,75,OFF
Derron Smith,70,DEF
Trey Hopkins,75,OFF
Christian Westerman,75,OFF
Trip Thurman,77,OFF
Vincent Rey,72,DEF
P.J. Dawson,72,DEF
Darien Harris,72,DEF
Vontaze Burfict,73,DEF
Jayson DiManche,73,DEF
Jeff Luc,73,DEF
Rey Maualuga,74,DEF
Trevor Roach,74,DEF
Nick Vigil,74,DEF
Karlos Dansby,75,DEF
Marquis Flowers,75,DEF
Dezmond Johnson,75,DEF
Kevin Zeitler,76,OFF
Clint Boling,77,OFF
Alex Cooper,76,OFF
John Weidenaar,79,OFF
Cedric Ogbuehi,77,OFF
Jake Fisher,78,OFF
Andrew Whitworth,79,OFF
Eric Winston,79,OFF
Aaron Epps,79,OFF
Kevin Huber,73,ST
Zach Hocker,72,ST
Mike Nugent,70,ST
Jon Brown,70,ST
Andy Dalton,74,OFF
Keith Wenning,74,OFF
Joe Licata,74,OFF
AJ McCarron,75,OFF
Tra Carson,72,OFF
Dy'Shawn Mobley,72,OFF
Giovani Bernard,69,OFF
Cedric Peerman,70,OFF
Rex Burkhead,70,OFF
Bronson Hill,70,OFF
Jeremy Hill,73,OFF
Floyd Raven,72,DEF
Clayton Fejedelem,73,DEF
Taylor Mays,75,DEF
Shawn Williams,72,DEF
George Iloka,76,DEF
Ryan Hewitt,76,OFF
Tyler Kroft,77,OFF
C.J. Uzomah,77,OFF
Tyler Eifert,78,OFF
Matt Lengel,80,OFF
John Peters,80,OFF
Alex Erickson,72,OFF
Mario Alford,68,OFF
Brandon Tate,73,OFF
James Wright,73,OFF
Antwane Grant,73,OFF
Cody Core,74,OFF
Tyler Boyd,74,OFF
Brandon LaFell,75,OFF
Michael Bennett,75,OFF
A.J. Green,76,OFF
Alonzo Russell,76,OFF
Jake Kumerow,77,OFF
Charley Hughlett,76,OFF
Jordan Poyer,72,DEF
Justin Gilbert,72,DEF
Trey Caldwell,69,DEF
Jamar Taylor,70,DEF
Eric Patterson,70,DEF
Pierre Desir,74,DEF
Tramon Williams,72,DEF
Sean Baker,72,DEF
K'Waun Williams,69,DEF
Charles Gaines,70,DEF
A.J. Stamps,71,DEF
Joe Haden,71,DEF
Mikell Everette,71,DEF
Tim Scott,71,DEF
Tracy Howard,71,DEF
John Hughes III,74,DEF
Emmanuel Ogbah,76,DEF
Desmond Bryant,78,DEF
Carl Nassib,78,DEF
Nile Lawrence-Stample,73,DEF
Dylan Wynn,74,DEF
Danny Shelton,74,DEF
Jamie Meder,75,DEF
Kyle Rose,76,DEF
Nick Hayden,76,DEF
Xavier Cooper,76,DEF
Patrick Skov,73,OFF
Malcolm Johnson,73,OFF
Dominique Alexander,72,DEF
Scooby Wright III,72,DEF
Joe Schobert,73,DEF
Tank Carder,74,DEF
Demario Davis,74,DEF
Christian Kirksey,74,DEF
Cam Johnson,75,DEF
Justin Tuggle,75,DEF
Jackson Jeffcoat,75,DEF
Nate Orchard,75,DEF
Paul Kruger,76,DEF
Armonty Bryant,76,DEF
Barkevious Mingo,76,DEF
Garth Gerhart,73,OFF
Mike Matthews,74,OFF
Alvin Bailey,75,OFF
John Greco,76,OFF
Joel Bitonio,76,OFF
Conor Boffeli,76,OFF
Kaleb Johnson,76,OFF
Dan France,77,OFF
Michael Bowie,77,OFF
Shon Coleman,78,OFF
Erle Ladson,78,OFF
Austin Pasztor,79,OFF
Cameron Erving,77,OFF
Joe Thomas,78,OFF
Spencer Drango,78,OFF
Andy Lee,73,ST
Patrick Murray,67,ST
Travis Coons,73,ST
Cody Kessler,73,OFF
Austin Davis,74,OFF
Robert Griffin,74,OFF
Josh McCown,76,OFF
Duke Johnson Jr.,69,OFF
Raheem Mostert,70,OFF
Isaiah Crowell,71,OFF
Terrell Watson,73,OFF
Glenn Winston,74,OFF
Derrick Kindred,70,DEF
Don Jones,71,DEF
Rahim Moore,73,DEF
E.J. Bibbs,74,OFF
Randall Telfer,76,OFF
J.P. Holtz,76,OFF
Gary Barnidge,78,OFF
Connor Hamlett,79,OFF
Marlon Moore,72,OFF
Andrew Hawkins,67,OFF
Taylor Gabriel,68,OFF
Darius Jennings,70,OFF
Corey Coleman,71,OFF
Rannell Hall,73,OFF
Ricardo Louis,73,OFF
Jordan Payton,73,OFF
Rashard Higgins,74,OFF
Dennis Parks,74,OFF
Josh Gordon,75,OFF
Terrelle Pryor,76,OFF
Seth DeValve,76,OFF
Joe Looney,75,OFF
Travis Frederick,76,OFF
Brandon Carr,72,DEF
Isaiah Frey,72,DEF
Byron Jones,72,DEF
Jeremiah McKinnon,72,DEF
Orlando Scandrick,70,DEF
Josh Thomas,71,DEF
Morris Claiborne,71,DEF
Anthony Brown,71,DEF
Arjen Colquhoun,73,DEF
Daxton Swanson,71,DEF
Deji Olatoye,73,DEF
Charles Tapper,74,DEF
Zach Wood,75,DEF
DeMarcus Lawrence,75,DEF
Benson Mayowa,75,DEF
Ryan Russell,77,DEF
Randy Gregory,77,DEF
Michael McAdoo,79,DEF
Rodney Coe,75,DEF
David Irving,79,DEF
Casey Walker,73,DEF
Terrell McClain,74,DEF
Maliek Collins,74,DEF
Cedric Thornton,76,DEF
Tyrone Crawford,76,DEF
Jack Crawford,77,DEF
Anthony Hitchens,72,DEF
Keith Smith,72,DEF
Derek Akunne,72,DEF
Justin Durant,73,DEF
Deon King,73,DEF
Damien Wilson,73,DEF
Sean Lee,74,DEF
Andrew Gachkar,74,DEF
Mark Nzeocha,74,DEF
Jaylon Smith,74,DEF
Rolando McClain,76,DEF
Kyle Wilber,76,DEF
L.P. Ladouceur,77,ST
Ronald Leary,75,OFF
Zack Martin,76,OFF
Jared Smith,76,OFF
Boston Stiverson,76,OFF
La'el Collins,76,OFF
Charles Brown,77,OFF
Chaz Green,77,OFF
David Hedelin,76,OFF
Tyron Smith,77,OFF
Ryan Mack,77,OFF
Doug Free,78,OFF
Chris Jones,72,ST
Matt Wile,74,ST
Dan Bailey,72,ST
Kellen Moore,72,OFF
Jameill Showers,73,OFF
Tony Romo,74,OFF
Dak Prescott,74,OFF
Darius Jackson,72,OFF
Ezekiel Elliott,72,OFF
Lance Dunbar,68,OFF
Alfred Morris,70,OFF
Darren McFadden,73,OFF
Rod Smith,75,OFF
J.J. Wilcox,72,DEF
Kavon Frazier,72,DEF
Jeff Heath,73,DEF
Barry Church,74,DEF
Austin Traylor,75,OFF
James Hanna,76,OFF
Geoff Swaim,76,OFF
Jason Witten,78,OFF
Gavin Escobar,78,OFF
Rico Gathers,80,OFF
Cole Beasley,68,OFF
Lucky Whitehead,69,OFF
Ed Eagan,71,OFF
Dez Bryant,74,OFF
Terrance Williams,74,OFF
Vince Mayle,74,OFF
Chris Brown,74,OFF
Andy Jones,74,OFF
Brice Butler,75,OFF
Devin Street,75,OFF
Rodney Smith,77,OFF
James Ferentz,74,OFF
Sam Brenner,74,OFF
Matt Paradis,75,OFF
Dillon Day,76,OFF
Max Garcia,76,OFF
Chris Harris Jr.,70,DEF
Taurean Nixon,70,DEF
Lorenzo Doss,70,DEF
Kayvon Webster,71,DEF
B.J. Lowery,71,DEF
Bradley Roby,71,DEF
Aqib Talib,73,DEF
John Tidwell,72,DEF
Darian Stewart,71,DEF
Eddie Yarbrough,75,DEF
DeMarcus Ware,76,DEF
Kenny Anunike,76,DEF
Jared Crick,76,DEF
Derek Wolfe,77,DEF
Phil Taylor,75,DEF
Vance Walker,74,DEF
Sylvester Williams,74,DEF
Darius Kilgo,75,DEF
Adam Gotsis,76,DEF
Andy Janovich,73,OFF
Connor McGovern,76,OFF
Robert Myers Jr.,77,OFF
Zaire Anderson,71,DEF
Brandon Marshall,73,DEF
Todd Davis,73,DEF
Corey Nelson,73,DEF
Dekoda Watson,74,DEF
Shaquil Barrett,74,DEF
Von Miller,75,DEF
Shane Ray,75,DEF
Casey Kreiter,73,ST
David Moala,74,DEF
Donald Stephenson,78,OFF
Russell Okung,77,OFF
Darrion Weems,77,OFF
Cameron Jefferson,77,OFF
Ty Sambrailo,77,OFF
Michael Schofield,78,OFF
Kyle Roberts,78,OFF
Britton Colquitt,75,ST
Riley Dixon,76,ST
Brandon McManus,75,ST
Mark Sanchez,74,OFF
Trevor Siemian,75,OFF
Paxton Lynch,79,OFF
C.J. Anderson,68,OFF
Kapri Bibbs,69,OFF
Cyrus Gray,70,OFF
Devontae Booker,70,OFF
Ronnie Hillman,70,OFF
Juwan Thompson,71,OFF
Brandian Ross,72,DEF
Shiloh Keo,71,DEF
Will Parks,73,DEF
Justin Simmons,74,DEF
T.J. Ward,70,DEF
Manasseh Garner,74,OFF
Garrett Graham,75,OFF
Virgil Green,77,OFF
Jeff Heuerman,77,OFF
Jordan Norwood,71,OFF
Emmanuel Sanders,71,OFF
DeVier Posey,73,OFF
Bennie Fowler,73,OFF
Cody Latimer,74,OFF
Demaryius Thomas,75,OFF
Jordan Taylor,77,OFF
Don Muhlbach,76,OFF
Gabe Ikard,76,OFF
Travis Swanson,77,OFF
Graham Glasgow,78,OFF
Darrin Walls,72,DEF
Darius Slay,72,DEF
Alex Carter,72,DEF
Nevin Lawson,69,DEF
Quandre Diggs,69,DEF
Ian Wells,71,DEF
Adairius Barnes,71,DEF
Crezdon Butler,73,DEF
Tavon Wilson,72,DEF
Johnson Bademosi,72,DEF
Charles Washington,71,DEF
Wallace Gilberry,74,DEF
Deonte Gibson,75,DEF
Anthony Zettel,76,DEF
Jason Jones,77,DEF
Ezekiel Ansah,77,DEF
Quanterus Smith,77,DEF
Devin Taylor,79,DEF
Louis Palmer,74,DEF
Kerry Hyder,74,DEF
Caraun Reid,74,DEF
Khyri Thornton,75,DEF
Tyrunn Walker,75,DEF
Gabe Wright,75,DEF
Haloti Ngata,76,DEF
A'Shawn Robinson,76,DEF
Stefan Charles,77,DEF
Michael Burton,72,OFF
Glover Quin,72,DEF
Larry Warford,75,OFF
Joe Dahl,75,OFF
Jerry Franklin,73,DEF
Khaseem Greene,73,DEF
Josh Bynes,73,DEF
Jonathan Bostic,73,DEF
Zaviar Gooden,73,DEF
DeAndre Levy,74,DEF
Tahir Whitehead,74,DEF
Kyle Van Noy,75,DEF
Brandon Copeland,75,DEF
Antwione Williams,75,DEF
Jimmy Landes,73,ST
Laken Tomlinson,75,OFF
Chase Farris,77,OFF
Geoff Schwartz,78,OFF
Michael Ola,76,OFF
Riley Reiff,78,OFF
Corey Robinson,79,OFF
Taylor Decker,79,OFF
Luke Marquardt,80,OFF
Cornelius Lucas,81,OFF
Sam Martin,73,ST
Matt Prater,70,ST
Devon Bell,74,ST
Matthew Stafford,75,OFF
Jake Rudock,75,OFF
Dan Orlovsky,77,OFF
Ameer Abdullah,68,OFF
Theo Riddick,69,OFF
Stevan Ridley,71,OFF
George Winn,71,OFF
Zach Zenner,71,OFF
Dwayne Washington,74,OFF
Rafael Bush,71,DEF
Isaiah Johnson,73,DEF
Miles Killebrew,74,DEF
Don Carey,71,DEF
Orson Charles,75,OFF
Matthew Mulligan,76,OFF
Timothy Wright,76,OFF
Ben McCord,76,OFF
Eric Ebron,76,OFF
Brandon Pettigrew,77,OFF
Adam Fuehne,79,OFF
Cole Wick,79,OFF
Andre Caldwell,72,OFF
TJ Jones,72,OFF
Jace Billingsley,69,OFF
Jeremy Kerley,69,OFF
Golden Tate,70,OFF
Andre Roberts,71,OFF
Damian Copeland,73,OFF
Ryan Spadola,73,OFF
Jay Lee,73,OFF
Corey Fuller,74,OFF
Marvin Jones,74,OFF
Quinshad Davis,76,OFF
Corey Linsley,75,OFF
Jacob Flores,75,OFF
Randall Jette,72,DEF
Warren Gatewood,72,DEF
Josh Hawkins,70,DEF
Sam Shields,71,DEF
Demetri Goodson,71,DEF
Quinten Rollins,71,DEF
Makinton Dorleant,71,DEF
Damarious Randall,71,DEF
Robertson Daniel,73,DEF
LaDarius Gunter,74,DEF
Mike Daniels,72,DEF
Datone Jones,76,DEF
B.J. McBryde,77,DEF
Dean Lowry,77,DEF
Christian Ringo,73,DEF
Demetris Anderson,74,DEF
Tyler Kuder,75,DEF
Brian Price,75,DEF
Kenny Clark,75,DEF
Letroy Guion,76,DEF
Mike Pennel,76,DEF
Aaron Ripkowski,73,OFF
Alstevis Squirewell,73,OFF
Micah Hyde,72,DEF
Ha Ha Clinton-Dix,73,DEF
Lane Taylor,75,OFF
Lucas Patrick,76,OFF
Matt Rotheram,77,OFF
Sam Barrington,73,DEF
Joe Thomas,73,DEF
Carl Bradford,73,DEF
Beniquez Brown,73,DEF
Manoa Pikula,73,DEF
Jake Ryan,74,DEF
Blake Martinez,74,DEF
Clay Matthews,75,DEF
Nick Perry,75,DEF
Lerentee McCray,75,DEF
Jayrone Elliott,75,DEF
Reggie Gilbert,76,DEF
Kyler Fackrell,77,DEF
Julius Peppers,79,DEF
Rick Lovato,74,ST
Josh Sitton,75,OFF
T.J. Lang,76,OFF
Josh Walker,77,OFF
Don Barclay,76,OFF
JC Tretter,76,OFF
David Bakhtiari,76,OFF
Bryan Bulaga,77,OFF
Jason Spriggs,77,OFF
Josh James,78,OFF
Kyle Murphy,78,OFF
Tim Masthay,73,ST
Peter Mortell,74,ST
Mason Crosby,73,ST
Joe Callahan,73,OFF
Aaron Rodgers,74,OFF
Marquise Williams,74,OFF
Brett Hundley,75,OFF
John Crockett,72,OFF
Brandon Burks,69,OFF
Brandon Ross,70,OFF
Don Jackson,70,OFF
Eddie Lacy,71,OFF
James Starks,74,OFF
Jermaine Whitehead,71,DEF
Kentrell Brice,71,DEF
Marwin Evans,73,DEF
Chris Banjo,70,DEF
Morgan Burnett,73,DEF
Justin Perillo,75,OFF
Casey Pierce,75,OFF
Kennard Backman,75,OFF
Richard Rodgers,76,OFF
Mitchell Henry,76,OFF
Jared Cook,77,OFF
Ty Montgomery,72,OFF
Randall Cobb,70,OFF
Jared Abbrederis,73,OFF
Davante Adams,73,OFF
Jamel Johnson,74,OFF
Ed Williams,74,OFF
Trevor Davis,74,OFF
Herb Waters,74,OFF
Jordy Nelson,75,OFF
Jeff Janis,75,OFF
Geronimo Allison,76,OFF
Jonathan Weeks,70,OFF
Greg Mancz,76,OFF
Nick Martin,76,OFF
Tony Bergstrom,77,OFF
Dalton Freeman,77,OFF
A.J. Bouye,72,DEF
Robert Nelson,69,DEF
Richard Leonard,69,DEF
Kareem Jackson,70,DEF
Duke Thomas,71,DEF
Johnathan Joseph,71,DEF
Terrance Mitchell,71,DEF
Kevin Johnson,71,DEF
Cleveland Wallace III,71,DEF
Charles James II,69,DEF
Eddie Pleasant,70,DEF
Andre Hal,70,DEF
Jeoffrey Pagan,75,DEF
Eric Lee,75,DEF
Dan Pettinato,76,DEF
Brennan Scarlett,76,DEF
J.J. Watt,77,DEF
Vince Wilfork,74,DEF
Brandon Dunn,74,DEF
Christian Covington,74,DEF
D.J. Reader,75,DEF
Ra'Zahn Howard,75,DEF
Devon Still,77,DEF
Ufomba Kamalu,77,DEF
Joel Heath,78,DEF
Soma Vainuku,71,OFF
Jay Prosch,73,OFF
Karim Barton,75,OFF
Xavier Su'a-Filo,76,OFF
Chad Slade,77,OFF
Akeem Dent,73,DEF
John Simon,73,DEF
Gerald Rivers,74,DEF
Reshard Cliett,74,DEF
Shakeel Rashad,74,DEF
Brian Cushing,75,DEF
Brian Peters,75,DEF
Max Bullough,75,DEF
Whitney Mercilus,76,DEF
Carlos Thompson,76,DEF
Tony Washington,76,DEF
Ryan Langford,76,DEF
Benardrick McKinney,76,DEF
Jadeveon Clowney,77,DEF
Jeff Allen,76,OFF
Duane Brown,76,OFF
Chris Clark,77,OFF
Oday Aboushi,77,OFF
Derek Newton,78,OFF
Andrew McDonald,78,OFF
Kendall Lamm,78,OFF
Arturo Uzdavinis,78,OFF
Jeff Adams,79,OFF
Shane Lechler,74,ST
Nick Novak,72,ST
Brandon Weeden,76,OFF
Tom Savage,76,OFF
Brock Osweiler,80,OFF
Tyler Ervin,69,OFF
Jonathan Grimes,70,OFF
Lamar Miller,70,OFF
Akeem Hunt,70,OFF
Kenny Hilliard,71,OFF
Alfred Blue,74,OFF
KJ Dillon,72,DEF
Quintin Demps,71,DEF
Antonio Allen,73,DEF
Kurtis Drummond,73,DEF
Corey Moore,74,DEF
Lonnie Ballentine,75,DEF
Stephen Anderson,74,OFF
Anthony Denham,76,OFF
C.J. Fiedorowicz,77,OFF
Ryan Griffin,78,OFF
Eric Tomlinson,78,OFF
Cecil Shorts III,72,OFF
Josh Lenz,72,OFF
Keith Mumphery,72,OFF
Will Fuller,72,OFF
Wendall Williams,70,OFF
DeAndre Hopkins,73,OFF
Braxton Miller,73,OFF
Tevin Jones,74,OFF
Jaelen Strong,74,OFF
Richard Mullaney,75,OFF
Matt Overton,73,OFF
Austin Blythe,74,OFF
Jonotthan Harrison,76,OFF
Ryan Kelly,76,OFF
Tay Glover-Wright,72,DEF
Tevin Mitchel,72,DEF
Darius White,72,DEF
Frankie Williams,69,DEF
Darius Butler,70,DEF
Vontae Davis,71,DEF
Patrick Robinson,71,DEF
D'Joun Smith,71,DEF
Jalil Brown,73,DEF
Daniel Davie,73,DEF
Dezmen Southward,74,DEF
Chris Milton,71,DEF
Ron Thompson,74,DEF
Kendall Langford,78,DEF
Earl Okine,78,DEF
Kelcy Quarles,76,DEF
T.Y. McGill,72,DEF
Zach Kerr,74,DEF
David Parry,74,DEF
Arthur Jones,75,DEF
Ricky Lumpkin,75,DEF
Sterling Bailey,76,DEF
Hassan Ridgeway,76,DEF
Delvon Simmons,77,DEF
Henry Anderson,78,DEF
Winston Guy,73,DEF
Hugh Thornton,75,OFF
Kitt O'Brien,77,OFF
Isiah Cage,77,OFF
D'Qwell Jackson,72,DEF
Josh McNary,72,DEF
Amarlo Herrera,72,DEF
Edwin Jackson,72,DEF
Junior Sylvestre,72,DEF
Nate Irving,73,DEF
Sio Moore,73,DEF
Antonio Morrison,73,DEF
Robert Mathis,74,DEF
Erik Walden,74,DEF
Trevor Bates,74,DEF
Trent Cole,75,DEF
Curt Maggitt,75,DEF
Jack Mewhort,78,OFF
Joe Reitz,79,OFF
Adam Redmond,78,OFF
Le'Raven Clark,77,OFF
Denzelle Good,78,OFF
Kevin Graf,78,OFF
Joe Haeg,78,OFF
Anthony Castonzo,79,OFF
Mitchell Van Dyk,79,OFF
Pat McAfee,73,ST
Adam Vinatieri,72,ST
Scott Tolzien,74,OFF
Stephen Morris,74,OFF
Andrew Luck,76,OFF
Trey Williams,67,OFF
Frank Gore,69,OFF
Jordan Todman,69,OFF
Josh Ferguson,69,OFF
Robert Turbin,70,OFF
Tyler Varga,70,OFF
Stefan McClure,71,DEF
Akeem Davis,73,DEF
Andrew Williamson,73,DEF
T.J. Green,74,DEF
Mike Adams,71,DEF
Clayton Geathers,73,DEF
Emil Igwenagu,74,OFF
Dwayne Allen,75,OFF
Mike McFarland,77,OFF
Erik Swoope,77,OFF
Darion Griswold,77,OFF
Jack Doyle,78,OFF
Mike Miller,78,OFF
Danny Anthrop,72,OFF
Marcus Leak,72,OFF
T.Y. Hilton,69,OFF
Quan Bray,70,OFF
Phillip Dorsett,70,OFF
Josh Boyce,71,OFF
Joshua Stangby,71,OFF
Chester Rogers,73,OFF
Tevaun Smith,74,OFF
Donte Moncrief,74,OFF
Brian Tyms,75,OFF
Mekale McKay,75,OFF
Carson Tinker,72,OFF
Luke Bowanko,78,OFF
Prince Amukamara,72,DEF
Aaron Colvin,72,DEF
Briean Boddy-Calhoun,69,DEF
Mike Hilton,69,DEF
Josh Johnson,70,DEF
Peyton Thompson,70,DEF
Dwayne Gratz,71,DEF
Nick Marshall,73,DEF
Jalen Ramsey,73,DEF
Demetrius McCray,74,DEF
Davon House,72,DEF
Tashaun Gipson,71,DEF
Chris Smith,73,DEF
Ryan Davis,74,DEF
Yannick Ngakoue,74,DEF
Tyson Alualu,75,DEF
Dante Fowler Jr.,75,DEF
Tyrone Holmes,76,DEF
Malik Jackson,77,DEF
Jonathan Woodard,78,DEF
Bjoern Werner,75,DEF
Sheldon Day,72,DEF
Sen'Derrick Marks,74,DEF
Roy Miller,74,DEF
Michael Bennett,74,DEF
Richard Ash,75,DEF
Abry Jones,76,DEF
Jared Odrick,77,DEF
Josh Evans,72,DEF
Mackenzy Bernadeau,76,OFF
Patrick Omameh,76,OFF
Kadeem Edwards,76,OFF
Chris Reed,77,OFF
Brandon Linder,78,OFF
Hayes Pullard III,72,DEF
Sean Porter,73,DEF
Myles Jack,73,DEF
Paul Posluszny,74,DEF
Dan Skuta,74,DEF
Joplo Bartu,74,DEF
Thurston Armbrister,74,DEF
Telvin Smith,75,DEF
Jordan Tripp,75,DEF
Tyler Shatley,75,OFF
A.J. Cann,75,OFF
Jeffrey Linkenbach,78,OFF
Kelvin Beachum,75,OFF
Jermey Parnell,78,OFF
Josh Wells,78,OFF
Rashod Hill,78,OFF
Luke Joeckel,78,OFF
Pearce Slater,79,OFF
Brad Nortman,74,ST
Jason Myers,70,ST
Brandon Allen,73,OFF
Chad Henne,75,OFF
Max Wittek,76,OFF
Blake Bortles,77,OFF
Chris Ivory,72,OFF
Denard Robinson,72,OFF
Joe Banyard,70,OFF
Jonas Gray,70,OFF
Corey Grant,70,OFF
T.J. Yeldon,73,OFF
Earl Wolff,71,DEF
James Sample,74,DEF
Jarrod Wilson,74,DEF
Johnathan Cyprien,72,DEF
Braedon Bowman,75,OFF
Julius Thomas,77,OFF
Nic Jacobs,77,OFF
Ben Koyack,77,OFF
Marcedes Lewis,78,OFF
Bryan Walters,72,OFF
Marqise Lee,72,OFF
Tony Washington,70,OFF
Rashad Greene,71,OFF
Justin Blackmon,73,OFF
Shaquelle Evans,73,OFF
Rashad Lawrence,73,OFF
Rasheed Bailey,73,OFF
Arrelious Benn,74,OFF
Allen Hurns,75,OFF
Neal Sterling,75,OFF
Allen Robinson,75,OFF
Jamal Robinson,76,OFF
James Winchester,75,OFF
Mitch Morse,77,OFF
Marcus Peters,72,DEF
Steven Nelson,70,DEF
Jamell Fleming,71,DEF
Deveron Carr,71,DEF
Eric Murray,71,DEF
KeiVarae Russell,71,DEF
D.J. White,71,DEF
Tre Jones,71,DEF
Keith Lewis,73,DEF
Vernon Harris,73,DEF
Shakiel Randolph,77,DEF
Phillip Gaines,72,DEF
Shannon Edwards,71,DEF
Marcus Cooper,74,DEF
Daniel Sorensen,74,DEF
Allen Bailey,75,DEF
Jaye Howard,75,DEF
Niko Davis,77,DEF
Dontari Poe,75,DEF
Jimmy Staten,75,DEF
David King,76,DEF
Rakeem Nunez-Roches,74,DEF
Alameda Ta'amu,75,DEF
Nick Williams,76,DEF
Chris Jones,78,DEF
Anthony Sherman,70,OFF
Trey Millard,74,OFF
Parker Ehinger,78,OFF
Justin March,72,DEF
Josh Mauga,73,DEF
Jonathan Massaquoi,74,DEF
Dezman Moses,74,DEF
Dee Ford,74,DEF
Tyrell Adams,74,DEF
D.J. Alexander,74,DEF
Ramik Wilson,74,DEF
Derrick Johnson,75,DEF
Tamba Hali,75,DEF
Frank Zombo,75,DEF
Justin Houston,75,DEF
Andy Mulumba,75,DEF
Dadi Lhomme Nicolas,75,DEF
Terrance Smith,75,DEF
Zach Fulton,77,OFF
Daniel Munyer,73,OFF
Drew Nowak,75,OFF
Garrick Mayweather,75,OFF
Jarrod Pughsley,76,OFF
Mitchell Schwartz,77,OFF
Jah Reid,79,OFF
Zach Sterup,80,OFF
Laurent Duvernay-Tardif,77,OFF
Eric Fisher,79,OFF
Reid Fragel,80,OFF
Dustin Colquitt,75,ST
Cairo Santos,68,ST
Aaron Murray,73,OFF
Kevin Hogan,75,OFF
Alex Smith,76,OFF
Tyler Bray,78,OFF
De'Anthony Thomas,68,OFF
Charcandrick West,70,OFF
Knile Davis,70,OFF
Spencer Ware,70,OFF
Darrin Reaves,70,OFF
Jamaal Charles,71,OFF
Stevie Brown,71,DEF
Ron Parker,72,DEF
Eric Berry,72,DEF
Donald Washington,73,DEF
James O'Shaughnessy,76,OFF
Brian Parker,76,OFF
Travis Kelce,77,OFF
Demetrius Harris,79,OFF
Ross Travis,79,OFF
Jeremy Maclin,72,OFF
Da'Ron Brown,72,OFF
Kashif Moore,69,OFF
Albert Wilson,69,OFF
Tyreek Hill,70,OFF
Frankie Hammond,73,OFF
Demarcus Robinson,73,OFF
Mike Williams,74,OFF
Rod Streater,74,OFF
Chris Conley,74,OFF
Kenny Cook,76,OFF
Mitch Mathews,78,OFF
Jake McQuaide,74,OFF
Demetrius Rhaney,74,OFF
Tim Barnes,76,OFF
Brian Folkerts,76,OFF
Eric Kush,76,OFF
Marcus Roberson,72,DEF
Winston Rose,72,DEF
Lamarcus Joyner,68,DEF
E.J. Gaines,70,DEF
Coty Sensabaugh,71,DEF
Trumaine Johnson,74,DEF
Michael Jordan,72,DEF
Brian Randolph,72,DEF
Troy Hill,70,DEF
Rohan Gaines,71,DEF
William Hayes,75,DEF
Matt Longacre,75,DEF
Robert Quinn,76,DEF
Eugene Sims,78,DEF
Quinton Coples,78,DEF
Aaron Donald,73,DEF
Louis Trinca-Pasat,73,DEF
Cam Thomas,76,DEF
Ethan Westbrooks,76,DEF
Morgan Fox,76,DEF
Michael Brockers,77,DEF
Jamon Brown,76,OFF
Rodger Saffold,77,OFF
Cody Wichmann,77,OFF
Garrett Reynolds,79,OFF
Cameron Lynch,72,DEF
Nicholas Grigsby,73,DEF
Bryce Hager,73,DEF
Brandon Chubb,73,DEF
Alec Ogletree,74,DEF
Ian Seau,74,DEF
Darreon Herring,74,DEF
Josh Forrest,75,DEF
Akeem Ayers,75,DEF
Cory Littleton,75,DEF
Darrell Williams,76,OFF
Greg Robinson,77,OFF
Andrew Donnal,78,OFF
Robert Havenstein,79,OFF
Isaiah Battle,79,OFF
Jordan Swindle,79,OFF
Johnny Hekker,77,ST
Greg Zuerlein,72,ST
Taylor Bertolet,69,ST
Case Keenum,73,OFF
Dylan Thompson,75,OFF
Jared Goff,76,OFF
Nick Foles,78,OFF
Sean Mannion,78,OFF
Chase Reynolds,72,OFF
Tre Mason,68,OFF
Terrence Magee,69,OFF
Benjamin Cunningham,70,OFF
Aaron Green,70,OFF
Malcolm Brown,71,OFF
Todd Gurley,73,OFF
Christian Bryant,69,DEF
Cody Davis,73,DEF
T.J. McDonald,74,DEF
Maurice Alexander,73,DEF
Mark Barron,74,DEF
Lance Kendricks,75,OFF
Cory Harkey,76,OFF
Tyler Higbee,76,OFF
Benson Browne,77,OFF
Temarrick Hemingway,77,OFF
Nelson Spruce,72,OFF
Tavon Austin,68,OFF
Bradley Marquez,70,OFF
Pharoh Cooper,71,OFF
Paul McRoberts,73,OFF
Michael Thomas,73,OFF
Kenny Britt,75,OFF
Brian Quick,75,OFF
Marquez North,76,OFF
Jacques McClendon,75,OFF
Mike Pouncey,77,OFF
Chimdi Chekwa,72,DEF
Xavien Howard,72,DEF
Bobby McCain,69,DEF
Tyler Patmon,70,DEF
Byron Maxwell,73,DEF
Tony Lippett,74,DEF
Ifo Ekpre-Olomu,69,DEF
Lafayette Pitts,71,DEF
Julius Warmsley,74,DEF
Jordan Williams,74,DEF
Cameron Wake,75,DEF
Cleyon Laing,75,DEF
Terrence Fede,76,DEF
Farrington Huguenin,76,DEF
Andre Branch,77,DEF
Mario Williams,78,DEF
Dion Jordan,78,DEF
Earl Mitchell,75,DEF
Deandre Coleman,75,DEF
Ndamukong Suh,76,DEF
Jordan Phillips,78,DEF
Chris Jones,73,DEF
Anthony Steen,75,OFF
Jamil Douglas,76,OFF
Kraig Urbik,77,OFF
Dallas Thomas,77,OFF
Billy Turner,77,OFF
Mike Hull,72,DEF
Jelani Jenkins,72,DEF
James Burgess,71,DEF
James-Michael Johnson,73,DEF
Spencer Paysinger,74,DEF
Zach Vigil,74,DEF
Neville Hewitt,74,DEF
Koa Misi,75,DEF
Kiko Alonso,75,DEF
Akil Blount,75,DEF
Tyler Gray,76,DEF
Chris McCain,77,DEF
Ryan DiSalvo,76,ST
John Denney,77,ST
Vinston Painter,76,OFF
Ruben Carter,76,OFF
Ulrick John,80,OFF
Branden Albert,77,OFF
Jermon Bushrod,77,OFF
Laremy Tunsil,77,OFF
Ja'Wuan James,78,OFF
Sam Young,80,OFF
Matt Darr,73,ST
Andrew Franks,73,ST
Brandon Doughty,74,OFF
Matt Moore,75,OFF
Zac Dysert,75,OFF
Ryan Tannehill,76,OFF
Jay Ajayi,72,OFF
Kenyan Drake,72,OFF
Isaiah Pead,70,OFF
Damien Williams,71,OFF
Arian Foster,73,OFF
Daniel Thomas,73,OFF
Shamiel Gary,72,DEF
Jordan Lucas,72,DEF
Michael Thomas,71,DEF
Reshad Jones,73,DEF
Isa Abdul-Quddus,73,DEF
Walt Aikens,73,DEF
A.J. Hendy,73,DEF
Dominique Jones,75,OFF
Jake Stoneburner,75,OFF
Thomas Duarte,75,OFF
MarQueis Gray,76,OFF
Dion Sims,76,OFF
Gabe Hughes,76,OFF
Jordan Cameron,77,OFF
Kenny Stills,72,OFF
Jakeem Grant,66,OFF
A.J. Cruz,69,OFF
Griff Whalen,71,OFF
Jarvis Landry,71,OFF
Leonte Carroo,71,OFF
Brandon Shippen,71,OFF
Matt Hazel,73,OFF
Tyler Murphy,73,OFF
Rashawn Scott,74,OFF
DeVante Parker,75,OFF
Nicholas Easton,75,OFF
John Sullivan,76,OFF
Joe Berger,77,OFF
Kevin McDermott,77,OFF
Zac Kerin,77,OFF
Keith Baxter,72,DEF
Trae Waynes,72,DEF
Captain Munnerlyn,69,DEF
Terence Newman,70,DEF
Marcus Sherels,70,DEF
Mackensie Alexander,70,DEF
Jabari Price,71,DEF
Xavier Rhodes,73,DEF
Melvin White,73,DEF
Tre Roberson,73,DEF
Brian Robison,75,DEF
Everson Griffen,75,DEF
Scott Crichton,75,DEF
Denzell Perine,75,DEF
Justin Trattou,76,DEF
Theiren Cockran,76,DEF
Danielle Hunter,77,DEF
Zach Moore,78,DEF
Tom Johnson,75,DEF
Sharrif Floyd,75,DEF
Toby Johnson,75,DEF
Kenrick Ellis,76,DEF
Linval Joseph,76,DEF
Isame Faciane,76,DEF
Travis Raciti,76,DEF
Shamar Stephen,77,DEF
Zach Line,73,OFF
Blake Renaud,73,OFF
Harrison Smith,74,DEF
Mike Harris,77,OFF
Jeremiah Sirles,78,OFF
Alex Boone,80,OFF
Eric Kendricks,72,DEF
Kentrell Brothers,72,DEF
Jake Ganus,73,DEF
Brandon Watts,74,DEF
Chad Greenway,75,DEF
Edmond Robinson,75,DEF
Emmanuel Lamur,76,DEF
Stephen Weatherly,76,DEF
Audie Cole,77,DEF
Anthony Barr,77,DEF
Brandon Fusco,76,OFF
Austin Shepherd,76,OFF
Andre Smith,76,OFF
Willie Beavers,76,OFF
T.J. Clemmings,77,OFF
Matt Kalil,79,OFF
Carter Bykowski,79,OFF
Phil Loadholt,80,OFF
Jeff Locke,72,ST
Blair Walsh,70,ST
Taylor Heinicke,73,OFF
Teddy Bridgewater,74,OFF
Shaun Hill,75,OFF
Joel Stave,77,OFF
Matt Asiata,72,OFF
Jerick McKinnon,69,OFF
Jhurell Pressley,71,OFF
Adrian Peterson,73,OFF
C.J. Ham,73,OFF
Michael Griffin,72,DEF
Antone Exum Jr.,72,DEF
Andrew Sendejo,73,DEF
Anthony Harris,73,DEF
Jayron Kearse,76,DEF
MyCole Pruitt,74,OFF
Kyle Carter,75,OFF
David Morgan II,76,OFF
Rhett Ellison,77,OFF
Brian Leonhardt,77,OFF
Kyle Rudolph,78,OFF
Stefon Diggs,72,OFF
Troy Stoudermire,70,OFF
Jarius Wright,70,OFF
Marken Michel,71,OFF
Terrell Sinkfield,73,OFF
Charles Johnson,74,OFF
Cordarrelle Patterson,74,OFF
Adam Thielen,74,OFF
Laquon Treadwell,74,OFF
Isaac Fruechte,75,OFF
Moritz Bohringer,76,OFF
David Andrews,75,OFF
E.J. Biggers,72,DEF
Cre'von LeBlanc,69,DEF
Cyrus Jones,70,DEF
Malcolm Butler,71,DEF
Logan Ryan,71,DEF
Brock Vereen,71,DEF
Nate Ebner,72,DEF
Darryl Roberts,72,DEF
Jonathan Jones,69,DEF
Devin McCourty,70,DEF
V'Angelo Bentley,70,DEF
Justin Coleman,71,DEF
Jordan Richards,71,DEF
Duron Harmon,73,DEF
Brandon King,74,DEF
Rob Ninkovich,74,DEF
Chris Long,75,DEF
Frank Kearse,77,DEF
Joe Vellano,74,DEF
Anthony Johnson,74,DEF
Malcom Brown,74,DEF
Trey Flowers,74,DEF
Jabaal Sheard,75,DEF
Geneo Grissom,75,DEF
Woodrow Hamilton,75,DEF
Alan Branch,78,DEF
Terrance Knighton,75,DEF
Vincent Valentine,75,DEF
Markus Kuhn,76,DEF
James Develin,75,OFF
Jonathan Cooper,74,OFF
Ted Karras,75,OFF
Tre' Jackson,76,OFF
Joe Thuney,76,OFF
Elandon Roberts,72,DEF
Ramon Humber,71,DEF
Jonathan Freeny,74,DEF
Kevin Snyder,74,DEF
Kamu Grugier-Hill,74,DEF
Jamie Collins,75,DEF
Dont'a Hightower,75,DEF
Shea McClellin,75,DEF
Rufus Johnson,77,DEF
Joe Cardona,74,ST
Shaq Mason,73,OFF
Chris Barker,74,OFF
Josh Kline,75,OFF
Keavon Milton,76,OFF
Bryan Stork,76,OFF
Marcus Cannon,77,OFF
Cameron Fleming,78,OFF
LaAdrian Waddle,78,OFF
Sebastian Vollmer,80,OFF
Nate Solder,80,OFF
Ryan Allen,74,ST
Stephen Gostkowski,73,ST
Jimmy Garoppolo,74,OFF
Jacoby Brissett,75,OFF
Tom Brady,76,OFF
LeGarrette Blount,72,OFF
Tyler Gaffney,72,OFF
Joey Iosefa,72,OFF
Dion Lewis,68,OFF
Donald Brown,70,OFF
James White,70,OFF
D.J. Foster,70,OFF
Brandon Bolden,71,OFF
Cedric Thompson,72,DEF
Patrick Chung,71,DEF
Clay Harbor,75,OFF
AJ Derby,76,OFF
Steven Scheu,77,OFF
Bryce Williams,77,OFF
Martellus Bennett,78,OFF
Rob Gronkowski,78,OFF
Matthew Slater,72,OFF
DeAndre Carter,68,OFF
Julian Edelman,70,OFF
Danny Amendola,71,OFF
Keshawn Martin,71,OFF
Malcolm Mitchell,71,OFF
Chris Harper,71,OFF
Nate Washington,73,OFF
Chris Hogan,73,OFF
Devin Lucien,74,OFF
Aaron Dobson,75,OFF
Justin Drescher,73,OFF
Senio Kelemete,75,OFF
Max Unger,77,OFF
Jimmy Pruitt,72,DEF
Damian Swann,72,DEF
P.J. Williams,72,DEF
Tony Carter,69,DEF
Kyle Wilson,70,DEF
Brandon Dixon,71,DEF
Keenan Lewis,73,DEF
Delvin Breaux,73,DEF
Brian Dixon,72,DEF
Erik Harris,75,DEF
Darryl Tapp,73,DEF
Sheldon Rankins,73,DEF
Bobby Richardson,75,DEF
Cameron Jordan,76,DEF
Obum Gwacham,77,DEF
Tyeler Davison,74,DEF
C.J. Wilson,75,DEF
John Jenkins,75,DEF
Kaleb Eulls,75,DEF
Ashaad Mabry,75,DEF
David Onyemata,76,DEF
Nick Fairley,76,DEF
Austin Johnson,74,OFF
Jairus Byrd,70,DEF
Cyril Lemon,75,OFF
Tim Lelito,76,OFF
Tony Steward,72,DEF
Dannell Ellerbe,73,DEF
Craig Robertson,73,DEF
James Laurinaitis,74,DEF
Nathan Stupar,74,DEF
Kasim Edebali,74,DEF
Michael Mauti,74,DEF
Stephone Anthony,74,DEF
Davis Tull,75,DEF
Hau'oli Kikaha,75,DEF
Terron Armstead,77,OFF
Tyrus Thompson,77,OFF
Zach Strief,79,OFF
Andrus Peat,79,OFF
Thomas Morstead,76,ST
Connor Barth,71,ST
Kai Forbath,71,ST
Drew Brees,72,OFF
Garrett Grayson,74,OFF
Luke McCown,76,OFF
Tim Hightower,72,OFF
Daniel Lasco,72,OFF
Mark Ingram,69,OFF
Marcus Murphy,69,OFF
C.J. Spiller,71,OFF
Travaris Cadet,73,OFF
Alden Darby,70,DEF
Vonn Bell,71,DEF
Kenny Vaccaro,72,DEF
Jamarca Sanford,70,DEF
Garrett Griffin,76,OFF
Michael Hoomanawanui,76,OFF
RaShaun Allen,76,OFF
Josh Hill,77,OFF
Coby Fleener,78,OFF
Chris Manhertz,78,OFF
R.J. Harris,72,OFF
Jake Lampman,72,OFF
Brandin Cooks,70,OFF
Vincent Brown,71,OFF
Reggie Bell,71,OFF
Willie Snead,71,OFF
Michael Thomas,75,OFF
Kyle Prater,77,OFF
Brandon Coleman,78,OFF
Brett Jones,74,OFF
Shane McDermott,75,OFF
Janoris Jenkins,70,DEF
Leon McFadden,70,DEF
Matt Smalley,70,DEF
Eli Apple,73,DEF
Dominique Rodgers-Cromartie,74,DEF
Michael Hunter,72,DEF
Donte Deayon,69,DEF
Trevin Wade,70,DEF
Tramain Jacobs,71,DEF
Ishaq Williams,78,DEF
Stansly Maponga,74,DEF
Olivier Vernon,74,DEF
Mike Rose,74,DEF
Brad Bars,75,DEF
Owa Odighizuwa,75,DEF
Romeo Okwara,76,DEF
Jason Pierre-Paul,77,DEF
Kerry Wynn,77,DEF
Damon Harrison,76,DEF
Johnathan Hankins,74,DEF
Louis Nix III,74,DEF
Jay Bromley,75,DEF
Greg Milhouse,75,DEF
Montori Hughes,76,DEF
Melvin Lewis,76,DEF
Nikita Whitlock,70,OFF
Will Johnson,74,OFF
Adam Gettis,74,OFF
Ryan Seymour,76,OFF
Dillon Farrell,77,OFF
Jasper Brinkley,73,DEF
Jonathan Casillas,73,DEF
J.T. Thomas,73,DEF
B.J. Goodson,73,DEF
Kelvin Sheppard,74,DEF
Keenan Robinson,75,DEF
Devon Kennard,75,DEF
Mark Herzlich,76,DEF
Tyler Ott,75,ST
Zak DeOssie,76,ST
Bobby Hart,76,OFF
John Jerry,77,OFF
Weston Richburg,75,OFF
Marshall Newhouse,76,OFF
Justin Pugh,76,OFF
Byron Stingily,77,OFF
Ereck Flowers,77,OFF
Jake Rodgers,78,OFF
Emmett Cleary,79,OFF
Brad Wing,75,ST
Josh Brown,72,ST
Tom Obarski,70,ST
Ryan Nassib,74,OFF
Eli Manning,76,OFF
Orleans Darkwa,72,OFF
Bobby Rainey,68,OFF
Shane Vereen,70,OFF
Andre Williams,71,OFF
Paul Perkins,71,OFF
Rashad Jennings,73,OFF
Nat Berhe,72,DEF
Bennett Jackson,72,DEF
Andrew Adams,72,DEF
Mykkele Thompson,72,DEF
Landon Collins,72,DEF
Justin Currie,74,DEF
Darian Thompson,74,DEF
Cooper Taylor,76,DEF
Will Tye,74,OFF
Ryan Malleck,76,OFF
Jerell Adams,77,OFF
Larry Donnell,78,OFF
Matt LaCosse,78,OFF
Victor Cruz,72,OFF
Myles White,72,OFF
Kadron Boone,72,OFF
Roger Lewis,72,OFF
Dwayne Harris,70,OFF
Sterling Shepard,70,OFF
Odell Beckham Jr.,71,OFF
Tavarres King,73,OFF
Donte Foster,73,OFF
Geremy Davis,74,OFF
Darius Powe,75,OFF
Anthony Dable,76,OFF
Nick Mangold,76,OFF
Dee Milliner,72,DEF
Juston Burris,72,DEF
Buster Skrine,69,DEF
Dexter McDougle,70,DEF
Darrelle Revis,71,DEF
Kendall James,71,DEF
Marcus Williams,71,DEF
Kevin Short,74,DEF
Doug Middleton,72,DEF
Darryl Morris,70,DEF
Shelby Harris,74,DEF
Mike Catapano,76,DEF
Leonard Williams,77,DEF
Jarvis Jenkins,76,DEF
Muhammad Wilkerson,76,DEF
Tarow Barney,73,DEF
Steve McLendon,75,DEF
Sheldon Richardson,75,DEF
Deon Simon,76,DEF
Tommy Bohanon,73,OFF
Michael Liedtke,75,OFF
Craig Watts,76,OFF
Julian Stanford,73,DEF
Darron Lee,73,DEF
David Harris,74,DEF
Bruce Carter,74,DEF
Erin Henderson,75,DEF
Freddie Bishop,75,DEF
Josh Martin,75,DEF
Julian Howsare,75,DEF
Jordan Jenkins,75,DEF
Deion Barnes,76,DEF
Lorenzo Mauldin,76,DEF
Trevor Reilly,77,DEF
Taiwan Jones,75,DEF
Tanner Purdum,75,ST
Brian Winters,76,OFF
James Carpenter,77,OFF
Jarvis Harrison,76,OFF
Wesley Johnson,77,OFF
Ben Ijalana,76,OFF
Dakota Dozier,76,OFF
Brandon Shell,77,OFF
Ryan Clady,78,OFF
Brent Qvale,78,OFF
Jesse Davis,78,OFF
Breno Giacomini,79,OFF
Lachlan Edwards,76,ST
Nick Folk,73,ST
Bryce Petty,75,OFF
Geno Smith,75,OFF
Christian Hackenberg,76,OFF
Khiry Robinson,72,OFF
Zac Stacy,69,OFF
Dominique Williams,69,OFF
Bilal Powell,70,OFF
Matt Forte,74,OFF
Rontez Miles,72,DEF
Dion Bailey,72,DEF
Marcus Gilchrist,70,DEF
Calvin Pryor,71,DEF
Ronald Martin,74,DEF
Brandon Bostick,75,OFF
Wes Saxton,76,OFF
Jace Amaro,77,OFF
Kellen Davis,79,OFF
Zach Sudfeld,79,OFF
Jeremy Ross,72,OFF
Chandler Worthy,69,OFF
Kyle Williams,70,OFF
Jalin Marshall,71,OFF
Kenbrell Thompkins,73,OFF
Devin Smith,73,OFF
Titus Davis,73,OFF
Quincy Enunwa,74,OFF
Eric Decker,75,OFF
Charone Peake,75,OFF
Brandon Marshall,76,OFF
Ross Burbank,76,OFF
TJ Carrie,72,DEF
Kenneth Durden,72,DEF
Antonio Hamilton,72,DEF
D.J. Hayden,71,DEF
David Amerson,73,DEF
Dexter McDonald,73,DEF
Keith McGill,75,DEF
Dewey McDonald,72,DEF
SaQwan Edwards,72,DEF
Neiko Thorpe,73,DEF
Chris Edwards,74,DEF
Sean Smith,75,DEF
Khalil Mack,75,DEF
Greg Townsend Jr.,75,DEF
Mario Edwards Jr.,75,DEF
Shilique Calhoun,77,DEF
Jihad Ward,77,DEF
Branden Jackson,75,DEF
Denico Autry,77,DEF
Drew Iddings,78,DEF
Dan Williams,74,DEF
Justin Ellis,74,DEF
Stacy McGee,75,DEF
Leon Orr,77,DEF
Darius Latham,77,DEF
Marcel Reece,73,OFF
Oni Omoile,75,OFF
Terran Vaughn,75,OFF
Kelechi Osemele,77,OFF
Vadal Alexander,77,OFF
Malcolm Smith,72,DEF
Ben Heeney,72,DEF
Cory James,72,DEF
Daren Bates,71,DEF
John Lotulelei,71,DEF
Korey Toomer,74,DEF
Kyrie Wilson,74,DEF
Bruce Irvin,75,DEF
James Cowser,75,DEF
Colton Underwood,75,DEF
Neiron Ball,75,DEF
Aldon Smith,76,DEF
Andrew East,74,ST
Jon Condo,75,ST
Rodney Hudson,74,OFF
Gabe Jackson,75,OFF
Jon Feliciano,76,OFF
Mitch Bell,75,OFF
Torian White,78,OFF
Donald Penn,76,OFF
Menelik Watson,77,OFF
Matt McCants,78,OFF
Austin Howard,79,OFF
Marquette King,72,ST
Giorgio Tavecchio,70,ST
Sebastian Janikowski,73,ST
Matt McGloin,73,OFF
Derek Carr,75,OFF
Connor Cook,76,OFF
Taiwan Jones,72,OFF
DeAndre Washington,67,OFF
Jalen Richard,68,OFF
Roy Helu,71,OFF
Jamize Olawale,73,OFF
George Atkinson III,73,OFF
Latavius Murray,75,OFF
Nate Allen,72,DEF
Karl Joseph,70,DEF
Reggie Nelson,71,DEF
Jimmy Hall,73,DEF
Brynden Trawick,74,DEF
Chris Hackett,74,DEF
Mychal Rivera,75,OFF
Clive Walford,76,OFF
Ryan O'Malley,77,OFF
Gabe Holmes,77,OFF
Lee Smith,78,OFF
Johnny Holton,72,OFF
Marvin Hall,70,OFF
Joe Hansley,70,OFF
Nathan Palmer,71,OFF
Jaydon Mickens,71,OFF
Michael Crabtree,73,OFF
Amari Cooper,73,OFF
Seth Roberts,74,OFF
Max McCaffrey,74,OFF
Andre Holmes,76,OFF
K.J. Brent,76,OFF
Josh Andrews,74,OFF
Jason Kelce,75,OFF
Stefen Wisniewski,75,OFF
Bruce Johnson,75,OFF
Barrett Jones,76,OFF
Blake Countess,69,DEF
Leodis McKelvin,70,DEF
Ron Brooks,70,DEF
Aaron Grymes,71,DEF
Jaylen Watkins,71,DEF
C.J. Smith,71,DEF
Nolan Carroll II,73,DEF
Randall Evans,72,DEF
Denzel Rice,72,DEF
JaCorey Shepherd,71,DEF
Eric Rowe,73,DEF
Mike Martin,73,DEF
Vinny Curry,75,DEF
Fletcher Cox,76,DEF
Taylor Hart,78,DEF
Alex McCalister,78,DEF
Bennie Logan,74,DEF
Beau Allen,74,DEF
Connor Wujciak,75,DEF
Aziz Shittu,75,DEF
Destiny Vaeao,76,DEF
Malcolm Jenkins,72,DEF
Chris Maragos,70,DEF
Darrell Greene,74,OFF
Brandon Brooks,77,OFF
Isaac Seumalo,77,OFF
Malcolm Bunche,78,OFF
Najee Goode,72,DEF
Mychal Kendricks,72,DEF
Jordan Hicks,73,DEF
Quentin Gause,73,DEF
Myke Tavarres,73,DEF
Brandon Graham,74,DEF
Nigel Bradham,74,DEF
Deontae Skinner,74,DEF
Joe Walker,74,DEF
Steven Means,75,DEF
Marcus Smith II,75,DEF
Connor Barwin,76,DEF
Travis Long,76,DEF
Bryan Braman,77,DEF
Jon Dorenbos,72,ST
John DePalma,77,ST
Matt Tobin,78,OFF
Dennis Kelly,80,OFF
Jason Peters,76,OFF
Allen Barbre,76,OFF
Andrew Gardner,78,OFF
Lane Johnson,78,OFF
Halapoulivaati Vaitai,78,OFF
Donnie Jones,74,ST
Cody Parkey,72,ST
Caleb Sturgis,69,ST
Chase Daniel,72,OFF
Sam Bradford,76,OFF
Carson Wentz,77,OFF
Ryan Mathews,72,OFF
Cedric O'Neal,72,OFF
Darren Sproles,66,OFF
Kenjon Barner,69,OFF
Byron Marshall,69,OFF
Wendell Smallwood,71,OFF
Jalen Mills,72,DEF
Rodney McLeod,70,DEF
Ed Reynolds,73,DEF
Trey Burton,75,OFF
MJ McFarland,76,OFF
Brent Celek,76,OFF
Dillon Gordon,76,OFF
Chris Pantale,77,OFF
Zach Ertz,77,OFF
Chris Givens,72,OFF
Nelson Agholor,72,OFF
T.J. Graham,71,OFF
Josh Huff,71,OFF
Paul Turner,71,OFF
Hunter Sharp,71,OFF
Marcus Johnson,73,OFF
Rueben Randle,74,OFF
Jordan Matthews,75,OFF
Cayleb Jones,75,OFF
Xavier Rush,75,OFF
Maurkice Pouncey,76,OFF
Chris Hubbard,76,OFF
B.J. Finney,76,OFF
Quinton Schooley,76,OFF
Ross Cockrell,72,DEF
Artie Burns,72,DEF
Senquez Golson,69,DEF
William Gay,70,DEF
Doran Grant,70,DEF
Montell Garner,71,DEF
Al-Hajj Shabazz,74,DEF
Ricardo Mathews,75,DEF
Cameron Heyward,77,DEF
L.T. Walton,77,DEF
Caushaud Lyons,77,DEF
Stephon Tuitt,78,DEF
Johnny Maxey,77,DEF
Javon Hargrave,73,DEF
Roy Philon,75,DEF
Lavon Hooks,75,DEF
Devaunte Sigler,75,DEF
Giorgio Newberry,78,DEF
Daniel McCullers,79,DEF
Roosevelt Nix,71,OFF
Mike Mitchell,73,DEF
Cole Manhart,76,OFF
James Harrison,72,DEF
Arthur Moats,72,DEF
L.J. Fort,72,DEF
Tyler Matakevich,72,DEF
Lawrence Timmons,73,DEF
Steven Johnson,73,DEF
Vince Williams,73,DEF
Ryan Shazier,73,DEF
Jarvis Jones,75,DEF
Anthony Chickillo,75,DEF
Jordan Zumwalt,76,DEF
Bud Dupree,76,DEF
Travis Feeney,76,DEF
Greg Warren,75,ST
Matt Dooley,76,ST
Cody Wallace,76,OFF
Ramon Foster,77,OFF
David DeCastro,77,OFF
Ryan Harris,77,OFF
Marcus Gilbert,78,OFF
Matt Feiler,78,OFF
Jerald Hawkins,78,OFF
Alejandro Villanueva,81,OFF
Brian Mihalik,81,OFF
Will Monday,76,ST
Jordan Berry,77,ST
Chris Boswell,74,ST
Bruce Gradkowski,73,OFF
Landry Jones,75,OFF
Ben Roethlisberger,77,OFF
Dustin Vaughan,77,OFF
Brandon Brown-Dukes,68,OFF
DeAngelo Williams,69,OFF
Daryl Richardson,70,OFF
Fitzgerald Toussaint,70,OFF
Le'Veon Bell,73,OFF
Cameron Stingily,73,OFF
Brandon Johnson,74,OFF
Ross Ventrone,68,DEF
Ray Vinopal,70,DEF
Jordan Dangerfield,71,DEF
Robert Golden,71,DEF
Sean Davis,73,DEF
Jacob Hagen,74,DEF
Shamarko Thomas,69,DEF
Xavier Grimble,76,OFF
Ladarius Green,78,OFF
Jesse James,79,OFF
Levi Norwood,72,OFF
Antonio Brown,70,OFF
Marcus Tucker,70,OFF
Eli Rogers,70,OFF
Tobais Palmer,71,OFF
Markus Wheaton,71,OFF
Demarcus Ayers,71,OFF
Sammie Coates,73,OFF
Darrius Heyward-Bey,74,OFF
Canaan Severin,74,OFF
Shakim Phillips,75,OFF
Martavis Bryant,76,OFF
Issac Blakeney,78,OFF
Mike Windt,73,OFF
Chris Watt,75,OFF
Spencer Pulley,76,OFF
Trevor Robinson,77,OFF
Max Tuerk,77,OFF
Brandon Flowers,69,DEF
Jason Verrett,70,DEF
Steve Williams,70,DEF
Greg Ducre,70,DEF
Casey Hayward,71,DEF
Richard Crawford,71,DEF
Craig Mager,71,DEF
Larry Scott,71,DEF
Trevor Williams,73,DEF
Jahleel Addae,70,DEF
Darius Philon,73,DEF
Chris Landrum,75,DEF
Joey Bosa,78,DEF
Chuka Ndulue,75,DEF
Brandon Mebane,73,DEF
Tenny Palepoi,73,DEF
Damion Square,74,DEF
Corey Liuget,74,DEF
Carlos Wray,74,DEF
Chris Swain,72,OFF
Derek Watt,74,OFF
Donavon Clark,76,OFF
Matt Slauson,77,OFF
D.J. Fluker,77,OFF
Kenny Wiggins,78,OFF
Shaq Petteway,72,DEF
Denzel Perryman,71,DEF
Jatavis Brown,71,DEF
Manti Te'o,73,DEF
Nick Dzubnar,73,DEF
Melvin Ingram,74,DEF
Kyle Emanuel,75,DEF
Brock Hekking,75,DEF
Jeremiah Attaochu,75,DEF
Ben Gardner,76,DEF
Tourek Williams,76,DEF
Dexter McCoil,76,DEF
Tyler Marcordes,76,DEF
Joshua Perry,76,DEF
Ryan Carrethers,73,DEF
Sean Lissemore,75,DEF
Mike McQueen,78,OFF
Joe Barksdale,77,OFF
Tyreek Burwell,77,OFF
Tyler Johnstone,77,OFF
Chris Hairston,78,OFF
Brett Boyko,78,OFF
Orlando Franklin,79,OFF
King Dunlap,81,OFF
Kasey Redfern,74,ST
Drew Kaser,74,ST
Josh Lambo,72,ST
Terrell Chestnut,71,OFF
Mike Bercovici,73,OFF
Kellen Clemens,74,OFF
Philip Rivers,77,OFF
Zach Mettenberger,77,OFF
Danny Woodhead,68,OFF
Branden Oliver,68,OFF
Kenneth Farrow,70,OFF
Dreamius Smith,71,OFF
Melvin Gordon,73,OFF
Adrian McDonald,70,DEF
Dwight Lowery,71,DEF
Darrell Stuckey,71,DEF
Adrian Phillips,71,DEF
Antonio Gates,76,OFF
Jeff Cumberland,76,OFF
Sean McGrath,77,OFF
Asante Cleveland,77,OFF
Matt Weiser,77,OFF
Hunter Henry,77,OFF
Tim Semisch,80,OFF
Torrence Allen,72,OFF
Javontee Herndon,72,OFF
Travis Benjamin,70,OFF
Isaiah Burse,70,OFF
Deandre Reaves,70,OFF
Jamaal Jones,73,OFF
Stevie Johnson,74,OFF
Keenan Allen,74,OFF
Dom Williams,74,OFF
Dontrelle Inman,75,OFF
Tyrell Williams,76,OFF
Marcus Martin,75,OFF
Marcus Cromartie,72,DEF
Keith Reaser,72,DEF
Prince Charles Iworah,69,DEF
Tramaine Brock,70,DEF
Chris Davis,70,DEF
Kenneth Acker,71,DEF
Will Redmond,71,DEF
Rashard Robinson,73,DEF
Dontae Johnson,74,DEF
Jered Bell,73,DEF
Ronald Blair,73,DEF
Jason Fanaika,74,DEF
Lenny Jones,75,DEF
Tank Carradine,76,DEF
Tony Jerod-Eddie,77,DEF
DeForest Buckner,79,DEF
Glenn Dorsey,73,DEF
Marcus Rush,75,DEF
Darren Lake,75,DEF
Demetrius Cherry,78,DEF
Arik Armstead,79,DEF
Ian Williams,73,DEF
Kaleb Ramsey,75,DEF
Mike Purcell,75,DEF
Alex Balducci,75,DEF
Quinton Dial,77,DEF
Bruce Miller,74,OFF
Eric Reid,73,DEF
Daniel Kilgore,75,OFF
Zane Beadles,76,OFF
Andrew Tiller,76,OFF
Joshua Garnett,76,OFF
Michael Wilhoite,72,DEF
NaVorro Bowman,72,DEF
Nick Bellore,73,DEF
Shayne Skov,74,DEF
Gerald Hodges,74,DEF
Ahmad Brooks,75,DEF
Ray-Ray Armstrong,75,DEF
Corey Lemonier,75,DEF
Eli Harold,75,DEF
Kevin Anderson,76,DEF
Aaron Lynch,77,DEF
Garrison Smith,73,DEF
Brandon Thomas,75,OFF
Norman Price,76,OFF
Colin Kelly,77,OFF
Blake Muir,77,OFF
Ian Silberman,77,OFF
Trent Brown,80,OFF
Fahn Cooper,76,OFF
Joe Staley,77,OFF
John Theus,78,OFF
Erik Pears,80,OFF
Bradley Pinion,77,ST
Phil Dawson,71,ST
John Lunsford,73,ST
Thaddeus Lewis,74,OFF
Jeff Driskel,75,OFF
Colin Kaepernick,76,OFF
Blaine Gabbert,76,OFF
Carlos Hyde,72,OFF
DuJuan Harris,68,OFF
Mike Davis,69,OFF
Kelvin Taylor,70,OFF
Shaun Draughn,71,OFF
Kendall Gaskins,73,OFF
L.J. McCray,72,DEF
Antoine Bethea,71,DEF
Jimmie Ward,71,DEF
Jaquiski Tartt,73,DEF
Kyle Nelson,74,OFF
Je'Ron Hamm,75,OFF
Vance McDonald,76,OFF
Busta Anderson,76,OFF
Garrett Celek,77,OFF
Blake Bell,78,OFF
Torrey Smith,72,OFF
Quinton Patton,72,OFF
DeAndrew White,72,OFF
Aaron Burbridge,72,OFF
Bruce Ellington,69,OFF
Bryce Treggs,71,OFF
Jerome Simpson,74,OFF
Dres Anderson,74,OFF
DiAndre Campbell,74,OFF
DeAndre Smelter,74,OFF
Eric Rogers,75,OFF
Devon Cajuste,75,OFF
Joey Hunt,72,OFF
Patrick Lewis,73,OFF
Kristjan Sokoli,77,OFF
Jeremy Lane,72,DEF
Trovon Reed,72,DEF
Tye Smith,72,DEF
Marcus Burley,71,DEF
DeAndre Elliott,73,DEF
George Farmer,73,DEF
Douglas McNeil III,75,DEF
Richard Sherman,75,DEF
Stanley Jean-Baptiste,75,DEF
Tharold Simon,75,DEF
Brandon Browner,76,DEF
DeAngelo Tyson,74,DEF
David Perkins,74,DEF
Chris Clemons,75,DEF
Cliff Avril,75,DEF
Frank Clark,75,DEF
Michael Bennett,76,DEF
Ryan Robinson,76,DEF
Cassius Marsh,76,DEF
Brandin Bryant,74,DEF
Jordan Hill,73,DEF
Ahtyba Rubin,74,DEF
Sealver Siliga,74,DEF
Justin Hamilton,74,DEF
Jarran Reed,75,DEF
Quinton Jefferson,76,DEF
Taniela Tupou,74,OFF
Earl Thomas,70,DEF
Steven Terrell,70,DEF
Will Pericak,75,OFF
Rees Odhiambo,76,OFF
Justin Britt,78,OFF
Bobby Wagner,72,DEF
Kevin Pierre-Louis,72,DEF
Kyle Coleman,72,DEF
Brock Coyle,73,DEF
Steve Longa,73,DEF
Montese Overton,74,DEF
Mike Morgan,75,DEF
Eric Pinkins,75,DEF
Pete Robertson,75,DEF
K.J. Wright,76,DEF
Christian French,77,DEF
Drew Ferris,72,ST
Nolan Frese,74,ST
Mark Glowinski,76,OFF
Kona Schwenke,76,OFF
Garry Gilliam,77,OFF
Terry Poole,77,OFF
Germain Ifedi,78,OFF
Bradley Sowell,79,OFF
J'Marcus Webb,79,OFF
Jon Ryan,72,ST
Steven Hauschka,76,ST
Russell Wilson,71,OFF
Trevone Boykin,71,OFF
C.J. Prosise,72,OFF
Thomas Rawls,69,OFF
Christine Michael,70,OFF
Alex Collins,71,OFF
Zac Brooks,73,OFF
DeShawn Shead,74,DEF
Kelcie McCray,74,DEF
Kam Chancellor,75,DEF
Tyvis Powell,75,DEF
Tanner McEvoy,78,DEF
Brandon Cottom,74,OFF
Cooper Helfet,75,OFF
Brandon Williams,76,OFF
Luke Willson,77,OFF
Ronnie Shields,77,OFF
Nick Vannett,77,OFF
George Fant,78,OFF
Jimmy Graham,79,OFF
Paul Richardson,72,OFF
Kevin Smith,72,OFF
Doug Baldwin,70,OFF
Antwan Goodley,70,OFF
Deshon Foxx,70,OFF
Tyler Lockett,70,OFF
Jermaine Kearse,73,OFF
Tyler Slavin,73,OFF
Kasen Williams,73,OFF
Kenny Lawler,75,OFF
Evan Smith,74,OFF
Andrew DePaola,74,OFF
Joe Hawley,75,OFF
Josh Allen,75,OFF
Ben Gottschalk,77,OFF
Brent Grimes,70,DEF
Alterraun Verner,70,DEF
Josh Robinson,70,DEF
Joel Ross,70,DEF
Vernon Hargreaves III,70,DEF
Jude Adjei-Barimah,71,DEF
Ryan Smith,71,DEF
Johnthan Banks,74,DEF
Javien Elliott,71,DEF
Howard Jones,74,DEF
Jacquies Smith,74,DEF
Robert Ayers,75,DEF
George Johnson,76,DEF
Cliff Matthews,76,DEF
William Gholston,78,DEF
Akeem Spence,73,DEF
Clinton McDonald,74,DEF
Gerald McCoy,76,DEF
Travis Britz,76,DEF
Dan Vitale,73,OFF
J.R. Sweezy,77,OFF
Jeremiah George,71,DEF
Lavonte David,73,DEF
Adarius Glanton,73,DEF
Devante Bond,73,DEF
Kwon Alexander,73,DEF
Daryl Smith,74,DEF
Josh Keyes,74,DEF
Luke Rhodes,74,DEF
Noah Spence,74,DEF
Kourtnei Brown,76,DEF
Ali Marpet,76,OFF
Garrett Gilkey,78,OFF
Kevin Pamphile,77,OFF
Caleb Benenoch,77,OFF
Donovan Smith,78,OFF
Gosder Cherilus,79,OFF
Demar Dotson,81,OFF
Jacob Schum,71,ST
Bryan Anger,75,ST
Roberto Aguayo,72,ST
Dan LeFevour,75,OFF
Jameis Winston,76,OFF
Ryan Griffin,77,OFF
Mike Glennon,78,OFF
Charles Sims,72,OFF
Storm Johnson,72,OFF
Doug Martin,69,OFF
Mike James,70,OFF
Keith Tandy,70,DEF
Major Wright,71,DEF
Kimario McFadden,71,DEF
Chris Conte,74,DEF
Bradley McDougald,73,DEF
Brandon Myers,75,OFF
Cameron Brate,77,OFF
Austin Seferian-Jenkins,77,OFF
Tevin Westbrook,77,OFF
Luke Stocker,78,OFF
Freddie Martino,72,OFF
Donteea Dye,72,OFF
Bernard Reedy,69,OFF
Adam Humphries,71,OFF
Russell Shepard,73,OFF
Kenny Bell,73,OFF
Louis Murphy,74,OFF
Evan Spencer,74,OFF
Vincent Jackson,77,OFF
Mike Evans,77,OFF
Andy Gallik,74,OFF
Ben Jones,75,OFF
Brian Schwenke,75,OFF
Beau Brinkley,76,OFF
Jason McCourty,72,DEF
Curtis Riley,72,DEF
Bennett Okotcha,72,DEF
LeShaun Sims,72,DEF
Brice McCain,69,DEF
Antwon Blake,69,DEF
Cody Riggs,69,DEF
B.W. Webb,71,DEF
Blidi Wreh-Wilson,73,DEF
Perrish Cox,72,DEF
Kalan Reed,71,DEF
Jurrell Casey,73,DEF
Karl Klug,75,DEF
DaQuan Jones,76,DEF
Kevin Dodd,77,DEF
Mehdi Abdesmad,78,DEF
Ropati Pitoitua,80,DEF
Michael Smith,76,DEF
Al Woods,76,DEF
Angelo Blackson,76,DEF
Austin Johnson,76,DEF
Terrell Lathan,77,DEF
Sam Bergen,72,OFF
Jalston Fowler,71,OFF
Sebastian Tretola,76,OFF
Josue Matias,77,OFF
Wesley Woodyard,72,DEF
Sean Spence,71,DEF
Avery Williamson,73,DEF
J.R. Tavai,73,DEF
Nate Palmer,74,DEF
Curtis Grant,74,DEF
Derrick Morgan,75,DEF
Aaron Wallace,75,DEF
Brian Orakpo,76,DEF
Justin Staples,76,DEF
David Bass,76,DEF
Deiontrez Mount,77,DEF
Antwaun Woods,72,DEF
Chance Warmack,74,OFF
Quinton Spain,76,OFF
Sam Carlson,76,OFF
Byron Bell,77,OFF
Tyler Marz,77,OFF
Jeremiah Poutasi,77,OFF
Nick Ritcher,78,OFF
Jack Conklin,78,OFF
Taylor Lewan,79,OFF
William Poehls,80,OFF
Brett Kern,74,ST
Ryan Succop,74,ST
Aldrick Rosas,74,ST
Matt Cassel,76,OFF
Alex Tanney,76,OFF
Marcus Mariota,76,OFF
DeMarco Murray,72,OFF
Dexter McCluster,68,OFF
Antonio Andrews,70,OFF
Bishop Sankey,70,OFF
David Fluellen,71,OFF
David Cobb,71,OFF
Derrick Henry,75,OFF
Josh Aubrey,70,DEF
Rashad Johnson,71,DEF
Da'Norris Searcy,71,DEF
Kevin Byard,71,DEF
Marqueston Huff,71,DEF
Daimion Stafford,73,DEF
Delanie Walker,72,OFF
Craig Stevens,75,OFF
Jerome Cunningham,75,OFF
Anthony Fasano,76,OFF
Alex Ellis,76,OFF
Phillip Supernaw,77,OFF
Harry Douglas,72,OFF
Rishard Matthews,72,OFF
Tre McBride,72,OFF
Kendall Wright,70,OFF
Tajae Sharpe,74,OFF
Reece Horn,75,OFF
Ben Roberts,76,OFF
Justin Hunter,76,OFF
Andrew Turzilli,76,OFF
Dorial Green-Beckham,77,OFF
Nick Sundberg,72,OFF
Kory Lichtensteiger,74,OFF
Josh LeRibeus,74,OFF
Austin Reiter,75,OFF
Will Blackmon,72,DEF
Greg Toler,72,DEF
Josh Norman,72,DEF
Deshazor Everett,72,DEF
DeAngelo Hall,70,DEF
Dashaun Phillips,71,DEF
Bashaud Breeland,71,DEF
Kendall Fuller,71,DEF
Jeremy Harris,74,DEF
Quinton Dunbar,74,DEF
Tanard Jackson,72,DEF
Mariel Cooper,71,DEF
Stephen Paea,73,DEF
Kedric Golston,76,DEF
Kendall Reyes,76,DEF
Corey Crawford,77,DEF
Anthony Lanier,78,DEF
Ziggy Hood,75,DEF
Chris Baker,74,DEF
Ricky Jean Francois,75,DEF
Matt Ioannidis,75,DEF
Joe Kerridge,72,OFF
Shawn Lauvao,75,OFF
Nila Kasitati,76,OFF
Brandon Scherff,77,OFF
Perry Riley Jr.,72,DEF
Martrell Spaight,72,DEF
Steven Daniels,71,DEF
Adam Hayward,73,DEF
Mason Foster,73,DEF
Will Compton,73,DEF
Houston Bates,73,DEF
Carlos Fields,73,DEF
Su'a Cravens,73,DEF
Junior Galette,74,DEF
Terence Garvin,74,DEF
Shiro Davis,75,DEF
Ejiro Ederaine,75,DEF
Michael Wakefield,75,DEF
Ryan Kerrigan,76,DEF
Willie Jefferson,77,DEF
Trent Murphy,77,DEF
Preston Smith,77,DEF
Lynden Trail,79,DEF
Jerrell Powe,74,DEF
Spencer Long,77,OFF
Arie Kouandjio,77,OFF
Al Bond,75,OFF
Cody Booth,76,OFF
Takoby Cofield,76,OFF
Trent Williams,77,OFF
Morgan Moses,78,OFF
Ty Nsekhe,80,OFF
Kevin Bowen,81,OFF
Tress Way,73,ST
Dustin Hopkins,74,ST
Colt McCoy,73,OFF
Kirk Cousins,75,OFF
Nate Sudfeld,78,OFF
Chris Thompson,68,OFF
Kelsey Young,70,OFF
Silas Redd,70,OFF
Mack Brown,71,OFF
Keith Marshall,71,OFF
Matt Jones,73,OFF
Geno Matias-Smith,72,DEF
Kyshoen Jarrett,70,DEF
Duke Ihenacho,73,DEF
David Bruton Jr.,74,DEF
Niles Paul,73,OFF
Jordan Reed,74,OFF
Vernon Davis,75,OFF
Derek Carrier,76,OFF
Logan Paulsen,77,OFF
Marcel Jensen,78,OFF
Pierre Garcon,72,OFF
Rashad Ross,72,OFF
Ryan Grant,72,OFF
Jamison Crowder,68,OFF
DeSean Jackson,70,OFF
Valdez Showers,70,OFF
Jarvis Turner,73,OFF
Dez Stewart,74,OFF
Josh Doctson,75,OFF
Maurice Harris,75,OFF
Reggie Diggs,76,OFF
