x,f(x),evenly_spaced_n10,evenly_spaced_n10_absolute_error,chebyshev_n10,chebyshev_n10_absolute_error,evenly_spaced_n20,evenly_spaced_n20_absolute_error,chebyshev_n20,chebyshev_n20_absolute_error
-1.000000000000000000e+00,2.718281828459045091e+00,2.718281828459045091e+00,0.000000000000000000e+00,2.731009612229940320e+00,1.272778377089522905e-02,2.718281828459045091e+00,0.000000000000000000e+00,2.714739618090656670e+00,3.542210368388420960e-03
-9.899999999999999911e-01,2.691234472349262052e+00,2.454741740168315367e+00,2.364927321809466854e-01,2.691412555901790959e+00,1.780835525289070631e-04,7.019737142351154091e+01,6.750613695116227575e+01,2.694760564074168308e+00,3.526091724906255109e-03
-9.799999999999999822e-01,2.664456241929416880e+00,2.254480443367676834e+00,4.099757985617400458e-01,2.656785527400438163e+00,7.670714528978717084e-03,9.527464660135511565e+01,9.261019035942570099e+01,2.666205323345453682e+00,1.749081416036801784e-03
-9.699999999999999734e-01,2.637944459354152560e+00,2.107287284392919346e+00,5.306571749612332134e-01,2.626100940338671474e+00,1.184351901548108543e-02,9.580244447154585430e+01,9.316450001219169508e+01,2.636375273438897882e+00,1.569185915254678321e-03
-9.599999999999999645e-01,2.611696473423117837e+00,2.004143564111919407e+00,6.075529093111984302e-01,2.598480254898661634e+00,1.321621852445620249e-02,8.362308811291771349e+01,8.101139163949459032e+01,2.608201250791054360e+00,3.495222632063477164e-03
-9.499999999999999556e-01,2.585709659315845954e+00,1.937117751810949695e+00,6.485919075048962590e-01,2.573178699958484472e+00,1.253095935736148192e-02,6.628108167091055236e+01,6.369537201159470641e+01,2.582258754465678763e+00,3.450904850167191285e-03
-9.399999999999999467e-01,2.559981418329271285e+00,1.899267663248132232e+00,6.607137550811390536e-01,2.549571119980556855e+00,1.041029834871443072e-02,4.831204775642316207e+01,4.575206633809388990e+01,2.558038664787940952e+00,1.942753541330333178e-03
-9.299999999999999378e-01,2.534509177617854547e+00,1.884549260213153943e+00,6.499599174047006045e-01,2.527138887697821801e+00,7.370289920032746522e-03,3.220032055674928273e+01,2.966581137913142641e+01,2.534699494963030819e+00,1.903173451762718571e-04
-9.200000000000000400e-01,2.509290389936297938e+00,1.887731740799786007e+00,6.215586491365119315e-01,2.505457825748336198e+00,3.832564187961740032e-03,1.907947279407507679e+01,1.657018240413878019e+01,2.511469867299253256e+00,2.179477362955317687e-03
-9.100000000000000311e-01,2.484322533384816456e+00,1.904318601205736705e+00,5.800039321790797509e-01,2.484187082476807973e+00,1.354509080084831396e-04,9.235414109810482941e+00,6.751091576425666929e+00,2.487824854203600111e+00,3.502320818783655199e-03
-9.000000000000000222e-01,2.459603111156949851e+00,1.930474361224756796e+00,5.291287499321930543e-01,2.463058909143000186e+00,3.455797986050335169e-03,2.459603111156949851e+00,0.000000000000000000e+00,2.463524815780389954e+00,3.921704623440103177e-03
-8.900000000000000133e-01,2.435129651289874353e+00,1.962956656692218305e+00,4.721729945976560483e-01,2.441869287752258089e+00,6.739636462383735704e-03,-1.710024920448774965e+00,4.145154571738649096e+00,2.438578514027378574e+00,3.448862737504221343e-03
-8.800000000000000044e-01,2.410899706417209742e+00,1.999053412989481915e+00,4.118462934277278276e-01,2.420469360653247470e+00,9.569654236037727912e-03,-3.830935352904720759e+00,6.241835059321930501e+00,2.413172001578083314e+00,2.272295160873571973e-03
-8.699999999999999956e-01,2.386910853524276455e+00,2.036524824308100889e+00,3.503860292161755652e-01,2.398757614932827131e+00,1.184676140855067672e-02,-4.457793608133582275e+00,6.844704461657858729e+00,2.387589743539941800e+00,6.788900156653454587e-04
-8.599999999999999867e-01,2.363160693705794735e+00,2.073549873723703030e+00,2.896108199820917051e-01,2.376672776478226279e+00,1.351208277243154399e-02,-4.086624109562677631e+00,6.449784803268472366e+00,2.362143530883022979e+00,1.017162822771755515e-03
-8.499999999999999778e-01,2.339646851925990756e+00,2.108677139235007214e+00,2.309697126909835418e-01,2.354187370372945232e+00,1.454051844695447571e-02,-3.128025267400854847e+00,5.467672119326845603e+00,2.337117071874278196e+00,2.529780051712560152e-03
-8.399999999999999689e-01,2.316366976781091491e+00,2.140779640788100124e+00,1.755873359929913669e-01,2.331301906045474048e+00,1.493492926438255708e-02,-1.899517835276623989e+00,4.215884812057715259e+00,2.312728957343125114e+00,3.638019437966377723e-03
-8.299999999999999600e-01,2.293318740264182587e+00,2.169013492932606368e+00,1.243052473315762185e-01,2.308039647299546804e+00,1.472090703536421685e-02,-6.297623972209990262e-01,2.923081137485181724e+00,2.289113378988098635e+00,4.205361276083952049e-03
-8.200000000000000622e-01,2.270499837532406140e+00,2.192780137147539499e+00,7.771970038486664123e-02,2.284441929021728157e+00,1.394209148932201714e-02,5.305503220459334424e-01,1.739949515486472809e+00,2.266316048658362003e+00,4.183788874044136463e-03
-8.100000000000000533e-01,2.247907986676471737e+00,2.211691937033002819e+00,3.621604964346891720e-02,2.260563983987065040e+00,1.265599731059330324e-02,1.494743976211504899e+00,7.531640104649668377e-01,2.244301831261874991e+00,3.606155414596745601e-03
-8.000000000000000444e-01,2.225540928492467874e+00,2.225540928492467874e+00,0.000000000000000000e+00,2.236471244767002098e+00,1.093031627453422416e-02,2.225540928492467874e+00,0.000000000000000000e+00,2.222970358565953930e+00,2.570569926513943670e-03
-7.900000000000000355e-01,2.203396426255936902e+00,2.234270525731546275e+00,3.087409947560937340e-02,2.212236087286020503e+00,8.839661030083600934e-03,2.721296841047172510e+00,5.179004147912356082e-01,2.202176098639548663e+00,1.220327616388239278e-03
-7.800000000000000266e-01,2.181472265498201057e+00,2.237949992375902308e+00,5.647772687770125088e-02,2.187934984075194933e+00,6.462718576993875530e-03,3.003944979379000735e+00,8.224727138807996774e-01,2.181749835890061107e+00,2.775703918600491704e-04
-7.700000000000000178e-01,2.159766253784915158e+00,2.236751495265871359e+00,7.698524148095620134e-02,2.163646036732486788e+00,3.879782947571630558e-03,3.109049003429510183e+00,9.492827496445950253e-01,2.161519135829525595e+00,1.752882044610437617e-03
-7.600000000000000089e-01,2.138276220496818425e+00,2.230929566521212326e+00,9.265334602439390110e-02,2.139446858521559580e+00,1.170638024741155192e-03,3.078049055090522401e+00,9.397728345937039762e-01,2.141326030592939578e+00,3.049810096121152725e-03
-7.500000000000000000e-01,2.117000016612674784e+00,2.220802807288872138e+00,1.038027906761973540e-01,2.115412779423799350e+00,1.587237188875434413e-03,2.952583319374057158e+00,8.355833027613823738e-01,2.121040799432230450e+00,4.040782819555666094e-03
-7.399999999999999911e-01,2.095935514494364327e+00,2.206737674192538190e+00,1.108021596981738632e-01,2.091615347302456573e+00,4.320167191907753335e-03,2.770647444002570126e+00,6.747119295082057988e-01,2.100571290006632008e+00,4.635775512267681364e-03
-7.299999999999999822e-01,2.075080607674122390e+00,2.189134196897668971e+00,1.140535892235465809e-01,2.068121100143947011e+00,6.959507530175379486e-03,2.564294549119179756e+00,4.892139414450573653e-01,2.079867706484000323e+00,4.787098809877932126e-03
-7.199999999999999734e-01,2.054433210643887620e+00,2.168413482392441249e+00,1.139802717485536299e-01,2.044990585609796518e+00,9.442625034091101099e-03,2.358561168377961703e+00,3.041279577340740836e-01,2.058923168120224467e+00,4.489957476336847719e-03
-7.099999999999999645e-01,2.033991258646750566e+00,2.145006868566358804e+00,1.110156099196082380e-01,2.022277605364033448e+00,1.171365328271711803e-02,2.171315450206343645e+00,1.373241915595930784e-01,2.037770615956787879e+00,3.779357310037312345e-03
-6.999999999999999556e-01,2.013752707470476633e+00,2.119346596446770370e+00,1.055938889762937372e-01,2.000028662835490856e+00,1.372404463498577698e-02,2.013752707470476633e+00,0.000000000000000000e+00,2.016476821448106804e+00,2.724113977630171490e-03
-6.899999999999999467e-01,1.993715533243082261e+00,2.091857877032078594e+00,9.814234378899633349e-02,1.978282594232939617e+00,1.543293901014264335e-02,1.891301998380097826e+00,1.024135348629844344e-01,1.995134339700579185e+00,1.418806457496923912e-03
-6.799999999999999378e-01,1.973877732230447490e+00,2.062952235041598748e+00,8.907450281115125712e-02,1.957070363753798059e+00,1.680736847664943134e-02,1.804750066345408577e+00,1.691276658850389136e-01,1.973852264802352430e+00,2.546742809506064020e-05
-6.699999999999999289e-01,1.954237320635939357e+00,2.033022018088655347e+00,7.878469745271599045e-02,1.936415005014777480e+00,1.782231562116187717e-02,1.751431591617396810e+00,2.028057290185425465e-01,1.952746599933493421e+00,1.490720702445935686e-03
-6.599999999999999201e-01,1.934792334402031466e+00,2.002435965778262883e+00,6.764363137623141675e-02,1.916331691785737812e+00,1.846064261629365433e-02,1.726374591092817434e+00,2.084177433092140319e-01,1.931930965206119399e+00,2.861369195912066843e-03
-6.499999999999999112e-01,1.915540829013895996e+00,1.971535739036343493e+00,5.599491002244749716e-02,1.896827922126771204e+00,1.871290688712479167e-02,1.723325265619450208e+00,1.922155633944457875e-01,1.911508245465520117e+00,4.032583548375878735e-03
-6.400000000000000133e-01,1.896480879304951461e+00,1.940633315596620667e+00,4.415243629166920591e-02,1.877903801013545593e+00,1.857707829140586853e-02,1.735606747856277332e+00,1.608741314486741292e-01,1.891563641331353463e+00,4.917237973597998746e-03
-6.300000000000000044e-01,1.877610579264343160e+00,1.910009163006858746e+00,3.239858374251558537e-02,1.859552407487729431e+00,1.805817177661372952e-02,1.756790743315425729e+00,1.208198359489174312e-01,1.872159440726653967e+00,5.451138537689192987e-03
-6.199999999999999956e-01,1.858928041846342083e+00,1.879911105770588176e+00,2.098306392424609257e-02,1.841760233288407322e+00,1.716780855793476057e-02,1.781180094038604445e+00,7.774794780773763847e-02,1.853331684394091239e+00,5.596357452250844133e-03
-6.099999999999999867e-01,1.840431398781637418e+00,1.850553808316763860e+00,1.012240953512644204e-02,1.824507680807257781e+00,1.592371797437963643e-02,1.804114222205358553e+00,3.631717657627886453e-02,1.835088764930299821e+00,5.342633851337597051e-03
-5.999999999999999778e-01,1.822118800390508886e+00,1.822118800390508886e+00,0.000000000000000000e+00,1.807769609065321026e+00,1.434919132518786000e-02,1.822118800390508886e+00,0.000000000000000000e+00,1.817411880337330699e+00,4.706920053178187402e-03
-5.899999999999999689e-01,1.803988415397856926e+00,1.794754976186032192e+00,9.233439211824734372e-03,1.791515917233106325e+00,1.247249816475060058e-02,1.832926511832354333e+00,2.893809643449740676e-02,1.800257163910416569e+00,3.731251487440356840e-03
-5.800000000000000711e-01,1.786038430750073402e+00,1.768579503100620176e+00,1.745892764945322639e-02,1.775712156008839582e+00,1.032627474123382072e-02,1.835398106914782668e+00,4.935967616470926522e-02,1.783559234778353764e+00,2.479195971719638791e-03
-5.700000000000000622e-01,1.768267051433735304e+00,1.743679080379080926e+00,2.458797105465437838e-02,1.760320157932511398e+00,7.946893501223906142e-03,1.829372818122682487e+00,6.110576668894718289e-02,1.767235858507625323e+00,1.031192926109980590e-03
-5.600000000000000533e-01,1.750672500296101219e+00,1.720111492143802989e+00,3.056100815229823020e-02,1.745298678446462137e+00,5.373821849639082160e-03,1.815475208269125673e+00,6.480270797302445374e-02,1.751193374596191843e+00,5.208743000906235210e-04
-5.500000000000000444e-01,1.733253017867395274e+00,1.697907403369512069e+00,3.534561449788320431e-02,1.730604040216997541e+00,2.648977650397732475e-03,1.794902274441962708e+00,6.164925657456743480e-02,1.735332536157127237e+00,2.079518289731963065e-03
-5.400000000000000355e-01,1.716006862184858539e+00,1.677072351266452266e+00,3.893451091840627321e-02,1.716190773906562494e+00,1.839117217039554220e-04,1.769210614642348744e+00,5.320375245749020543e-02,1.719554414595469316e+00,3.547552410610776974e-03
-5.300000000000000266e-01,1.698932308618550602e+00,1.657588888283939133e+00,4.134342033461146926e-02,1.702012249232687235e+00,3.079940614136633670e-03,1.740119104941879602e+00,4.118679632332900020e-02,1.703766046019610458e+00,4.833737401059856609e-03
-5.200000000000000178e-01,1.682027649698886407e+00,1.639418836540653457e+00,4.260881315823294990e-02,1.688021290768808580e+00,5.993641069922173159e-03,1.709338169020321319e+00,2.731051932143491179e-02,1.687885533534531302e+00,5.857883835644894788e-03
-5.100000000000000089e-01,1.665291194945886399e+00,1.622505616931449124e+00,4.278557801443727548e-02,1.674170773533704581e+00,8.879578587818182100e-03,1.678432606926375747e+00,1.314141198048934811e-02,1.671846367273103429e+00,6.555172327217029249e-03
-5.000000000000000000e-01,1.648721270700128194e+00,1.606776619455508204e+00,4.194465124461999039e-02,1.660414193980984443e+00,1.169292328085624888e-02,1.648721270700128194e+00,0.000000000000000000e+00,1.655600778822994279e+00,6.879508122866084818e-03
-4.899999999999999911e-01,1.632316219955378900e+00,1.592145584460166186e+00,4.017063549521271426e-02,1.646706212538588066e+00,1.438999258320916574e-02,1.621213751032241079e+00,1.110246892313782041e-02,1.639122005476098209e+00,6.805785520719309645e-03
-4.799999999999999822e-01,1.616074402192893444e+00,1.578514967501323252e+00,3.755943469157019265e-02,1.633003164360819603e+00,1.692876216792615907e-02,1.596581735339550168e+00,1.949266685334327676e-02,1.622405399534997184e+00,6.330997342103739101e-03
-4.699999999999999734e-01,1.599994193217360250e+00,1.565778263387816116e+00,3.421592982954413387e-02,1.619263535442696300e+00,1.926934222533605023e-02,1.575160830797396327e+00,2.483336241996392246e-02,1.605468376107518136e+00,5.474182890157885950e-03
-4.599999999999999645e-01,1.584073984994481821e+00,1.553822267706104210e+00,3.025171728837761087e-02,1.605448401708857942e+00,2.137441671437612101e-02,1.556977395927622299e+00,2.709658906685952218e-02,1.588349247101930706e+00,4.275262107448885018e-03
-4.499999999999999556e-01,1.568312185490168709e+00,1.542529256715971853e+00,2.578292877419685603e-02,1.591521829127286569e+00,2.320964363711786049e-02,1.541794242776444168e+00,2.651794271372454048e-02,1.571105037586378206e+00,2.792852096209497148e-03
-4.399999999999999467e-01,1.552707218511335974e+00,1.531779068970223090e+00,2.092814954111288372e-02,1.577451233312314294e+00,2.474401480097832007e-02,1.529168889757209326e+00,2.353832875412664727e-02,1.553808421795482175e+00,1.101203284146201611e-03
-4.299999999999999378e-01,1.537257523548281268e+00,1.521451074344400078e+00,1.580644920388118990e-02,1.563207697472180913e+00,2.595017392389964428e-02,1.518518281228679712e+00,1.873924231960155673e-02,1.536543948775502155e+00,7.135747727791130757e-04
-4.200000000000000400e-01,1.521961555618633888e+00,1.511426018369036672e+00,1.053553724959721549e-02,1.548766247924382666e+00,2.680469230574877848e-02,1.509184455720188556e+00,1.277709989844533212e-02,1.519403751292960569e+00,2.557804325673318502e-03
-4.100000000000000311e-01,1.506817785112853691e+00,1.501587731839660211e+00,5.230053273193480123e-03,1.534106086747546227e+00,2.728830163469253556e-02,1.500496451250709296e+00,6.321333862144395965e-03,1.502482945922224866e+00,4.334839190628825278e-03
-4.000000000000000222e-01,1.491824697641270348e+00,1.491824697641270348e+00,0.000000000000000000e+00,1.519210781462239312e+00,2.738608382096896499e-02,1.491824697641270570e+00,2.220446049250313081e-16,1.485874937272910978e+00,5.949760368359369167e-03
-3.900000000000000133e-01,1.476980793882642695e+00,1.482031468567241328e+00,5.050674684598632780e-03,1.504068411935371552e+00,2.708761805272885681e-02,1.482625183116127454e+00,5.644389233484758961e-03,1.469666835543439687e+00,7.313958339203008308e-03
-3.800000000000000044e-01,1.462284589434224458e+00,1.472109931640099401e+00,9.825342205874942891e-03,1.488671674984138660e+00,2.638708554991420208e-02,1.472471726171651119e+00,1.018713673742666082e-02,1.453935184701032224e+00,8.349404733192233863e-03
-3.699999999999999956e-01,1.447734614663324537e+00,1.461970416056191491e+00,1.423580139286695356e-02,1.473017947416392470e+00,2.528333275306793304e-02,1.461075674991824336e+00,1.334106032849979862e-02,1.438742179533359034e+00,8.992435129965503648e-03
-3.599999999999999867e-01,1.433329414560340132e+00,1.451532643380649246e+00,1.820322882030911416e-02,1.457109308485293075e+00,2.377989392495294396e-02,1.448293248830896607e+00,1.496383427055647530e-02,1.424132524718677351e+00,9.196889841662780896e-03
-3.499999999999999778e-01,1.419067548593257122e+00,1.440726520015884526e+00,2.165897142262740438e-02,1.440952522957606563e+00,2.188497436434944099e-02,1.434121494146721076e+00,1.505394555346395435e-02,1.410131059176343626e+00,8.936489416913495631e-03
-3.399999999999999689e-01,1.404947590563593751e+00,1.429492773258962623e+00,2.454518269536887232e-02,1.424558986197643096e+00,1.961139563404934449e-02,1.418684430090413340e+00,1.373683952681958864e-02,1.396741235625022393e+00,8.206354938571358559e-03
-3.299999999999999600e-01,1.390968128463780262e+00,1.417783433453207564e+00,2.681530498942730212e-02,1.407944632852944800e+00,1.697650438916453730e-02,1.402211391590686196e+00,1.124326312690593355e-02,1.383944509859965200e+00,7.023618603815062755e-03
-3.199999999999999512e-01,1.377127764335956961e+00,1.405562165830116506e+00,2.843440149415954465e-02,1.391129810894000007e+00,1.400204655804304643e-02,1.385009842086532661e+00,7.882077750575700037e-03,1.371700658116913774e+00,5.427106219043187352e-03
-3.099999999999999423e-01,1.363425114132177818e+00,1.392804456631728582e+00,2.937934249955076460e-02,1.374139122909001420e+00,1.071400877682360253e-02,1.367435029006331071e+00,4.009914874153253095e-03,1.359949005316389625e+00,3.476108815788192530e-03
-2.999999999999999334e-01,1.349858807576002961e+00,1.379497659003795063e+00,2.963885142779210113e-02,1.357001236686357970e+00,7.142429110355008604e-03,1.349858807576002961e+00,0.000000000000000000e+00,1.348610513183462700e+00,1.248294392540261200e-03
-2.900000000000000355e-01,1.336427488025472066e+00,1.365640904959134261e+00,2.921341693366219516e-02,1.339748667232937285e+00,3.321179207465219108e-03,1.332639782245202520e+00,3.787705780269545741e-03,1.337590646296180186e+00,1.163158270708120057e-03
-2.800000000000000266e-01,1.323129812337436872e+00,1.351244890431120504e+00,2.811507809368363198e-02,1.322417532475261837e+00,7.122798621750359160e-04,1.316096633694030515e+00,7.033178643406357011e-03,1.326782906963360542e+00,3.653094625923669625e-03
-2.700000000000000178e-01,1.309964450733247299e+00,1.336331541072129481e+00,2.636709033888218201e-02,1.305047284974631738e+00,4.917165758615560378e-03,1.300486139174123812e+00,9.478311559123486774e-03,1.316072907233889033e+00,6.108456500641734621e-03
-2.600000000000000089e-01,1.296930086665771809e+00,1.320933567003589548e+00,2.400348033781773971e-02,1.287680422055889062e+00,9.249664609882746191e-03,1.285986981943102681e+00,1.094310472266912804e-02,1.305342828878092387e+00,8.412742212320578616e-03
-2.500000000000000000e-01,1.284025416687741394e+00,1.305093915195888021e+00,2.106849850814662695e-02,1.270362176803764287e+00,1.366323988397710743e-02,1.272690008492035840e+00,1.133540819570555414e-02,1.294476110251538525e+00,1.045069356379713099e-02
-2.399999999999999911e-01,1.271249150321404731e+00,1.288865128550351846e+00,1.761597822894711562e-02,1.253140192420944654e+00,1.810895790046007647e-02,1.260595155339398588e+00,1.065399498200614303e-02,1.283362192756748010e+00,1.211304243534327973e-02
-2.299999999999999822e-01,1.258600009929477848e+00,1.272308621074727197e+00,1.370861114524934976e-02,1.236064182468678885e+00,2.253582746079896282e-02,1.249614853088511168e+00,8.985156840966679326e-03,1.271901159176203944e+00,1.330114924672609611e-02
-2.199999999999999734e-01,1.246076730587380776e+00,1.255493878790591822e+00,9.417148203211045399e-03,1.219185579524344476e+00,2.689115106303630043e-02,1.239583343700737306e+00,6.493386886643470746e-03,1.260008101300133632e+00,1.393137071275285521e-02
-2.099999999999999645e-01,1.233678059956743178e+00,1.238497596188819827e+00,4.819536232076648830e-03,1.202557174791506700e+00,3.112088516523647819e-02,1.230271033227673394e+00,3.407026729069784210e-03,1.247617064689192645e+00,1.393900473244946703e-02
-1.999999999999999556e-01,1.221402758160169855e+00,1.221402758160169855e+00,0.000000000000000000e+00,1.186232751186995449e+00,3.517000697317440583e-02,1.221402758160169855e+00,0.000000000000000000e+00,1.234684433621584088e+00,1.328167546141423294e-02
-1.899999999999999467e-01,1.209249597657251485e+00,1.204297677375102182e+00,4.951920282149302466e-03,1.170266712407008525e+00,3.898288525024296014e-02,1.212678676422025426e+00,3.429078764773940691e-03,1.221191638674006263e+00,1.194204101675477858e-02
-1.799999999999999378e-01,1.197217363121810152e+00,1.187274997072713445e+00,9.942366049096706959e-03,1.154713710440615992e+00,4.250365268119415951e-02,1.203796406979553923e+00,6.579043857743771540e-03,1.207147092267937483e+00,9.929729146127330708e-03
-1.699999999999999289e-01,1.185304851320365449e+00,1.170430669145958280e+00,1.487418217440716894e-02,1.139628273954864879e+00,4.567657736550057024e-02,1.194473034165786096e+00,9.168182845420647098e-03,1.192587283086978367e+00,7.282431766612917912e-03
-1.600000000000000311e-01,1.173510870991810284e+00,1.153862917281812894e+00,1.964795370999738999e-02,1.125064439921386494e+00,4.844643107042378993e-02,1.184465659582120800e+00,1.095478859031051577e-02,1.177576987690584165e+00,4.066116698773880600e-03
-1.500000000000000222e-01,1.161834242728283062e+00,1.137671194733455460e+00,2.416304799482760224e-02,1.111075390790546180e+00,5.075885193773688187e-02,1.173589318100223711e+00,1.175507537194064867e-02,1.162208586036837188e+00,3.743433085541258976e-04
-1.400000000000000133e-01,1.150273798857227359e+00,1.121955146069614218e+00,2.831865278761314109e-02,1.097713099446182339e+00,5.256069941104501986e-02,1.161731264666159946e+00,1.145746580893258759e-02,1.146600496098971744e+00,3.673302758255614364e-03
-1.300000000000000044e-01,1.138828383324621774e+00,1.106813581966675120e+00,3.201480135794665394e-02,1.085027984092397535e+00,5.380039923222423859e-02,1.148860872915141274e+00,1.003248959051949996e-02,1.130894770453248377e+00,7.933612871373396658e-03
-1.199999999999999956e-01,1.127496851579375736e+00,1.092343475784690598e+00,3.515337579468513773e-02,1.073068575134145108e+00,5.442827644523062780e-02,1.135034651289423380e+00,7.537799710047643487e-03,1.115253923808424696e+00,1.224292777095103979e-02
-1.099999999999999867e-01,1.116278070458871285e+00,1.078638990301788336e+00,3.763908015708294919e-02,1.061881196016031925e+00,5.439687444283936024e-02,1.120396162976088572e+00,4.118092517217286641e-03,1.099857084182255473e+00,1.642098627661581212e-02
-9.999999999999997780e-02,1.105170918075647490e+00,1.065790542575375310e+00,3.938037550027218003e-02,1.051509659879248826e+00,5.366125819639866457e-02,1.105170918075647490e+00,0.000000000000000000e+00,1.084895581134190490e+00,2.027533694145700061e-02
-8.999999999999996891e-02,1.094174283705210415e+00,1.053883914455709947e+00,4.029036924950046838e-02,1.041994983785472728e+00,5.217929991973768722e-02,1.089656576093961826e+00,4.517707611248589217e-03,1.070568101561340857e+00,2.360618214386955849e-02
-7.999999999999996003e-02,1.083287067674958415e+00,1.042999415800522689e+00,4.028765187443572593e-02,1.033375122139263080e+00,4.991194553569533454e-02,1.074209041388460850e+00,9.078026286497564712e-03,1.057075556595505450e+00,2.621151107945296488e-02
-6.999999999999995115e-02,1.072508181254216320e+00,1.033211106931251289e+00,3.929707432296503100e-02,1.025684720817587436e+00,4.682346043662888313e-02,1.059225242507797926e+00,1.328293874641839345e-02,1.044615811764426860e+00,2.789236948978945918e-02
-5.999999999999994227e-02,1.061836546545359639e+00,1.024586086334700719e+00,3.725046021065891999e-02,1.018954893386992078e+00,4.288165315836756086e-02,1.045123549403607077e+00,1.671299714175256135e-02,1.033378436592456096e+00,2.845810995290354306e-02
-4.999999999999993339e-02,1.051271096376023895e+00,1.017183849051357392e+00,3.408724732466650309e-02,1.013213020656175578e+00,3.805807571984831661e-02,1.032322893582148904e+00,1.894820279387499085e-02,1.023539629139815554e+00,2.773146723620834031e-02
-4.000000000000003553e-02,1.040810774192388211e+00,1.011055720605877228e+00,2.975505358651098220e-02,1.008482574674762322e+00,3.232819951762588850e-02,1.021221711282255251e+00,1.958906291013295942e-02,1.015257465674448634e+00,2.555330851793957692e-02
-3.000000000000002665e-02,1.030454533953516938e+00,1.006244370729143522e+00,2.421016322437341550e-02,1.004782968148440148e+00,2.567156580507679031e-02,1.012177827252708662e+00,1.827670670080827620e-02,1.008667615924639049e+00,2.178691802887788853e-02
-2.000000000000001776e-02,1.020201340026755776e+00,1.002783410497461780e+00,1.741792952929399618e-02,1.002129430096772023e+00,1.807190992998375378e-02,1.005490337845600379e+00,1.471100218115539704e-02,1.003879650486120712e+00,1.632168954063506483e-02
-1.000000000000000888e-02,1.010050167084168171e+00,1.000697075875679465e+00,9.353091208488706343e-03,1.000532908433450219e+00,9.517258650717952406e-03,1.001384440668281250e+00,8.665726415886920719e-03,1.000974049379605768e+00,9.076117704562403077e-03
0.000000000000000000e+00,1.000000000000000000e+00,1.000000000000000000e+00,0.000000000000000000e+00,1.000000000000000000e+00,0.000000000000000000e+00,1.000000000000000000e+00,0.000000000000000000e+00,1.000000000000000000e+00,0.000000000000000000e+00
1.000000000000000888e-02,1.010050167084168171e+00,1.000697075875679465e+00,9.353091208488706343e-03,1.000532908433450219e+00,9.517258650717952406e-03,1.001384440668281028e+00,8.665726415887142764e-03,1.000974049379605546e+00,9.076117704562625121e-03
2.000000000000001776e-02,1.020201340026755776e+00,1.002783410497461558e+00,1.741792952929421823e-02,1.002129430096772245e+00,1.807190992998353174e-02,1.005490337845600601e+00,1.471100218115517499e-02,1.003879650486120712e+00,1.632168954063506483e-02
3.000000000000002665e-02,1.030454533953516938e+00,1.006244370729143300e+00,2.421016322437363755e-02,1.004782968148440592e+00,2.567156580507634622e-02,1.012177827252708662e+00,1.827670670080827620e-02,1.008667615924638827e+00,2.178691802887811058e-02
4.000000000000003553e-02,1.040810774192388211e+00,1.011055720605876784e+00,2.975505358651142629e-02,1.008482574674762322e+00,3.232819951762588850e-02,1.021221711282255251e+00,1.958906291013295942e-02,1.015257465674448856e+00,2.555330851793935487e-02
5.000000000000004441e-02,1.051271096376024117e+00,1.017183849051357392e+00,3.408724732466672513e-02,1.013213020656175356e+00,3.805807571984876070e-02,1.032322893582148904e+00,1.894820279387521289e-02,1.023539629139815554e+00,2.773146723620856235e-02
6.000000000000005329e-02,1.061836546545359639e+00,1.024586086334701163e+00,3.725046021065847590e-02,1.018954893386992078e+00,4.288165315836756086e-02,1.045123549403607521e+00,1.671299714175211726e-02,1.033378436592456096e+00,2.845810995290354306e-02
7.000000000000006217e-02,1.072508181254216542e+00,1.033211106931251289e+00,3.929707432296525305e-02,1.025684720817587436e+00,4.682346043662910517e-02,1.059225242507797926e+00,1.328293874641861549e-02,1.044615811764427304e+00,2.789236948978923714e-02
8.000000000000007105e-02,1.083287067674958637e+00,1.042999415800522689e+00,4.028765187443594797e-02,1.033375122139263302e+00,4.991194553569533454e-02,1.074209041388461072e+00,9.078026286497564712e-03,1.057075556595505672e+00,2.621151107945296488e-02
9.000000000000007994e-02,1.094174283705210415e+00,1.053883914455709947e+00,4.029036924950046838e-02,1.041994983785472950e+00,5.217929991973746517e-02,1.089656576093962270e+00,4.517707611248145128e-03,1.070568101561341079e+00,2.360618214386933644e-02
1.000000000000000888e-01,1.105170918075647712e+00,1.065790542575375532e+00,3.938037550027218003e-02,1.051509659879249270e+00,5.366125819639844252e-02,1.105170918075647712e+00,0.000000000000000000e+00,1.084895581134190712e+00,2.027533694145700061e-02
1.100000000000000977e-01,1.116278070458871507e+00,1.078638990301787892e+00,3.763908015708361532e-02,1.061881196016032147e+00,5.439687444283936024e-02,1.120396162976089016e+00,4.118092517217508686e-03,1.099857084182255695e+00,1.642098627661581212e-02
1.200000000000001066e-01,1.127496851579375736e+00,1.092343475784690821e+00,3.515337579468491569e-02,1.073068575134145997e+00,5.442827644522973962e-02,1.135034651289423824e+00,7.537799710048087576e-03,1.115253923808424918e+00,1.224292777095081775e-02
1.300000000000001155e-01,1.138828383324621996e+00,1.106813581966675564e+00,3.201480135794643189e-02,1.085027984092397313e+00,5.380039923222468268e-02,1.148860872915142162e+00,1.003248959052016609e-02,1.130894770453248821e+00,7.933612871373174613e-03
1.400000000000001243e-01,1.150273798857227359e+00,1.121955146069614218e+00,2.831865278761314109e-02,1.097713099446182561e+00,5.256069941104479781e-02,1.161731264666160168e+00,1.145746580893280964e-02,1.146600496098971966e+00,3.673302758255392320e-03
1.500000000000001332e-01,1.161834242728283284e+00,1.137671194733455460e+00,2.416304799482782428e-02,1.111075390790546402e+00,5.075885193773688187e-02,1.173589318100223933e+00,1.175507537194064867e-02,1.162208586036837188e+00,3.743433085539038530e-04
1.599999999999999201e-01,1.173510870991810062e+00,1.153862917281812450e+00,1.964795370999761204e-02,1.125064439921386494e+00,4.844643107042356789e-02,1.184465659582120578e+00,1.095478859031051577e-02,1.177576987690583943e+00,4.066116698773880600e-03
1.699999999999999289e-01,1.185304851320365449e+00,1.170430669145958280e+00,1.487418217440716894e-02,1.139628273954865101e+00,4.567657736550034819e-02,1.194473034165786096e+00,9.168182845420647098e-03,1.192587283086978367e+00,7.282431766612917912e-03
1.799999999999999378e-01,1.197217363121810152e+00,1.187274997072713223e+00,9.942366049096929004e-03,1.154713710440615770e+00,4.250365268119438156e-02,1.203796406979553479e+00,6.579043857743327450e-03,1.207147092267937483e+00,9.929729146127330708e-03
1.899999999999999467e-01,1.209249597657251485e+00,1.204297677375102182e+00,4.951920282149302466e-03,1.170266712407008303e+00,3.898288525024318218e-02,1.212678676422024759e+00,3.429078764773274557e-03,1.221191638674005819e+00,1.194204101675433449e-02
1.999999999999999556e-01,1.221402758160169855e+00,1.221402758160169855e+00,0.000000000000000000e+00,1.186232751186995449e+00,3.517000697317440583e-02,1.221402758160169633e+00,2.220446049250313081e-16,1.234684433621583866e+00,1.328167546141401090e-02
2.099999999999999645e-01,1.233678059956743178e+00,1.238497596188819827e+00,4.819536232076648830e-03,1.202557174791506478e+00,3.112088516523670023e-02,1.230271033227674060e+00,3.407026729069118076e-03,1.247617064689192423e+00,1.393900473244924498e-02
2.199999999999999734e-01,1.246076730587380776e+00,1.255493878790591378e+00,9.417148203210601309e-03,1.219185579524344476e+00,2.689115106303630043e-02,1.239583343700737528e+00,6.493386886643248701e-03,1.260008101300133188e+00,1.393137071275241112e-02
2.299999999999999822e-01,1.258600009929477848e+00,1.272308621074727197e+00,1.370861114524934976e-02,1.236064182468678441e+00,2.253582746079940691e-02,1.249614853088511612e+00,8.985156840966235237e-03,1.271901159176203722e+00,1.330114924672587406e-02
2.399999999999999911e-01,1.271249150321404731e+00,1.288865128550351402e+00,1.761597822894667154e-02,1.253140192420944876e+00,1.810895790045985443e-02,1.260595155339399254e+00,1.065399498200547690e-02,1.283362192756748010e+00,1.211304243534327973e-02
2.500000000000000000e-01,1.284025416687741394e+00,1.305093915195888021e+00,2.106849850814662695e-02,1.270362176803764065e+00,1.366323988397732947e-02,1.272690008492036284e+00,1.133540819570511005e-02,1.294476110251538747e+00,1.045069356379735304e-02
2.600000000000000089e-01,1.296930086665771809e+00,1.320933567003589992e+00,2.400348033781818380e-02,1.287680422055888840e+00,9.249664609882968236e-03,1.285986981943102903e+00,1.094310472266890599e-02,1.305342828878092165e+00,8.412742212320356572e-03
2.700000000000000178e-01,1.309964450733247299e+00,1.336331541072129259e+00,2.636709033888195997e-02,1.305047284974631516e+00,4.917165758615782423e-03,1.300486139174123590e+00,9.478311559123708818e-03,1.316072907233888811e+00,6.108456500641512577e-03
2.800000000000000266e-01,1.323129812337436872e+00,1.351244890431120727e+00,2.811507809368385402e-02,1.322417532475261615e+00,7.122798621752579606e-04,1.316096633694030293e+00,7.033178643406579056e-03,1.326782906963360542e+00,3.653094625923669625e-03
2.900000000000000355e-01,1.336427488025472066e+00,1.365640904959133817e+00,2.921341693366175107e-02,1.339748667232936841e+00,3.321179207464775018e-03,1.332639782245202076e+00,3.787705780269989830e-03,1.337590646296179742e+00,1.163158270707675968e-03
3.000000000000000444e-01,1.349858807576003183e+00,1.379497659003795507e+00,2.963885142779232318e-02,1.357001236686357526e+00,7.142429110354342470e-03,1.349858807576003183e+00,0.000000000000000000e+00,1.348610513183462700e+00,1.248294392540483244e-03
3.100000000000000533e-01,1.363425114132177818e+00,1.392804456631728804e+00,2.937934249955098664e-02,1.374139122909001198e+00,1.071400877682338049e-02,1.367435029006331515e+00,4.009914874153697184e-03,1.359949005316389625e+00,3.476108815788192530e-03
3.200000000000000622e-01,1.377127764335957183e+00,1.405562165830117172e+00,2.843440149415998874e-02,1.391129810893999563e+00,1.400204655804238030e-02,1.385009842086533327e+00,7.882077750576144126e-03,1.371700658116914218e+00,5.427106219042965307e-03
3.300000000000000711e-01,1.390968128463780262e+00,1.417783433453207564e+00,2.681530498942730212e-02,1.407944632852944133e+00,1.697650438916387117e-02,1.402211391590686418e+00,1.124326312690615559e-02,1.383944509859965422e+00,7.023618603814840711e-03
3.400000000000000799e-01,1.404947590563593973e+00,1.429492773258962846e+00,2.454518269536887232e-02,1.424558986197642874e+00,1.961139563404890040e-02,1.418684430090413562e+00,1.373683952681958864e-02,1.396741235625023059e+00,8.206354938570914470e-03
3.500000000000000888e-01,1.419067548593257344e+00,1.440726520015884971e+00,2.165897142262762642e-02,1.440952522957606341e+00,2.188497436434899690e-02,1.434121494146721520e+00,1.505394555346417640e-02,1.410131059176344070e+00,8.936489416913273587e-03
3.600000000000000977e-01,1.433329414560340354e+00,1.451532643380649690e+00,1.820322882030933620e-02,1.457109308485292631e+00,2.377989392495227783e-02,1.448293248830896163e+00,1.496383427055580917e-02,1.424132524718677573e+00,9.196889841662780896e-03
3.700000000000001066e-01,1.447734614663324537e+00,1.461970416056192157e+00,1.423580139286761970e-02,1.473017947416392470e+00,2.528333275306793304e-02,1.461075674991824114e+00,1.334106032849957657e-02,1.438742179533358811e+00,8.992435129965725693e-03
3.800000000000001155e-01,1.462284589434224680e+00,1.472109931640099845e+00,9.825342205875164936e-03,1.488671674984137994e+00,2.638708554991331390e-02,1.472471726171650896e+00,1.018713673742621673e-02,1.453935184701032446e+00,8.349404733192233863e-03
3.900000000000001243e-01,1.476980793882642695e+00,1.482031468567242216e+00,5.050674684599520958e-03,1.504068411935371552e+00,2.708761805272885681e-02,1.482625183116127898e+00,5.644389233485203050e-03,1.469666835543440353e+00,7.313958339202342174e-03
4.000000000000001332e-01,1.491824697641270570e+00,1.491824697641270570e+00,0.000000000000000000e+00,1.519210781462239535e+00,2.738608382096896499e-02,1.491824697641270570e+00,0.000000000000000000e+00,1.485874937272910756e+00,5.949760368359813256e-03
4.099999999999999201e-01,1.506817785112853469e+00,1.501587731839660211e+00,5.230053273193258079e-03,1.534106086747545561e+00,2.728830163469209147e-02,1.500496451250709518e+00,6.321333862143951876e-03,1.502482945922224200e+00,4.334839190629269368e-03
4.199999999999999289e-01,1.521961555618633666e+00,1.511426018369037116e+00,1.053553724959654936e-02,1.548766247924382444e+00,2.680469230574877848e-02,1.509184455720190110e+00,1.277709989844355576e-02,1.519403751292959903e+00,2.557804325673762591e-03
4.299999999999999378e-01,1.537257523548281268e+00,1.521451074344400523e+00,1.580644920388074581e-02,1.563207697472180469e+00,2.595017392389920019e-02,1.518518281228680378e+00,1.873924231960089060e-02,1.536543948775502377e+00,7.135747727788910311e-04
4.399999999999999467e-01,1.552707218511335974e+00,1.531779068970223090e+00,2.092814954111288372e-02,1.577451233312314072e+00,2.474401480097809802e-02,1.529168889757208660e+00,2.353832875412731340e-02,1.553808421795482841e+00,1.101203284146867745e-03
4.499999999999999556e-01,1.568312185490168709e+00,1.542529256715971631e+00,2.578292877419707807e-02,1.591521829127287013e+00,2.320964363711830458e-02,1.541794242776443502e+00,2.651794271372520662e-02,1.571105037586378428e+00,2.792852096209719193e-03
4.599999999999999645e-01,1.584073984994481821e+00,1.553822267706104210e+00,3.025171728837761087e-02,1.605448401708857276e+00,2.137441671437545487e-02,1.556977395927622299e+00,2.709658906685952218e-02,1.588349247101930928e+00,4.275262107449107063e-03
4.699999999999999734e-01,1.599994193217360250e+00,1.565778263387816560e+00,3.421592982954368978e-02,1.619263535442696078e+00,1.926934222533582819e-02,1.575160830797396549e+00,2.483336241996370042e-02,1.605468376107517692e+00,5.474182890157441861e-03
4.799999999999999822e-01,1.616074402192893444e+00,1.578514967501323696e+00,3.755943469156974857e-02,1.633003164360819603e+00,1.692876216792615907e-02,1.596581735339550168e+00,1.949266685334327676e-02,1.622405399534997628e+00,6.330997342104183190e-03
4.899999999999999911e-01,1.632316219955378900e+00,1.592145584460165963e+00,4.017063549521293631e-02,1.646706212538588510e+00,1.438999258320960983e-02,1.621213751032240635e+00,1.110246892313826450e-02,1.639122005476098431e+00,6.805785520719531689e-03
5.000000000000000000e-01,1.648721270700128194e+00,1.606776619455507982e+00,4.194465124462021244e-02,1.660414193980983777e+00,1.169292328085558275e-02,1.648721270700128194e+00,0.000000000000000000e+00,1.655600778822994057e+00,6.879508122865862774e-03
5.100000000000000089e-01,1.665291194945886399e+00,1.622505616931449568e+00,4.278557801443683140e-02,1.674170773533704359e+00,8.879578587817960056e-03,1.678432606926375970e+00,1.314141198048957015e-02,1.671846367273103651e+00,6.555172327217251294e-03
5.200000000000000178e-01,1.682027649698886407e+00,1.639418836540653679e+00,4.260881315823272786e-02,1.688021290768808802e+00,5.993641069922395204e-03,1.709338169020321985e+00,2.731051932143557792e-02,1.687885533534530635e+00,5.857883835644228654e-03
5.300000000000000266e-01,1.698932308618550602e+00,1.657588888283939355e+00,4.134342033461124721e-02,1.702012249232687013e+00,3.079940614136411625e-03,1.740119104941878492e+00,4.118679632332788998e-02,1.703766046019610680e+00,4.833737401060078653e-03
5.400000000000000355e-01,1.716006862184858539e+00,1.677072351266452044e+00,3.893451091840649525e-02,1.716190773906562494e+00,1.839117217039554220e-04,1.769210614642347856e+00,5.320375245748931725e-02,1.719554414595469538e+00,3.547552410610999019e-03
5.500000000000000444e-01,1.733253017867395274e+00,1.697907403369512069e+00,3.534561449788320431e-02,1.730604040216997985e+00,2.648977650397288386e-03,1.794902274441963819e+00,6.164925657456854502e-02,1.735332536157127015e+00,2.079518289731741021e-03
5.600000000000000533e-01,1.750672500296101219e+00,1.720111492143802767e+00,3.056100815229845225e-02,1.745298678446462803e+00,5.373821849638416026e-03,1.815475208269125007e+00,6.480270797302378760e-02,1.751193374596192065e+00,5.208743000908455656e-04
5.700000000000000622e-01,1.768267051433735304e+00,1.743679080379080704e+00,2.458797105465460042e-02,1.760320157932512064e+00,7.946893501223240008e-03,1.829372818122682265e+00,6.110576668894696084e-02,1.767235858507624879e+00,1.031192926110424679e-03
5.800000000000000711e-01,1.786038430750073402e+00,1.768579503100620176e+00,1.745892764945322639e-02,1.775712156008839360e+00,1.032627474123404276e-02,1.835398106914782002e+00,4.935967616470859909e-02,1.783559234778353764e+00,2.479195971719638791e-03
5.900000000000000799e-01,1.803988415397857148e+00,1.794754976186032192e+00,9.233439211824956416e-03,1.791515917233106547e+00,1.247249816475060058e-02,1.832926511832355221e+00,2.893809643449807290e-02,1.800257163910416347e+00,3.731251487440800929e-03
6.000000000000000888e-01,1.822118800390509108e+00,1.822118800390509108e+00,0.000000000000000000e+00,1.807769609065320804e+00,1.434919132518830409e-02,1.822118800390509108e+00,0.000000000000000000e+00,1.817411880337330921e+00,4.706920053178187402e-03
6.100000000000000977e-01,1.840431398781637640e+00,1.850553808316764082e+00,1.012240953512644204e-02,1.824507680807257781e+00,1.592371797437985848e-02,1.804114222205358109e+00,3.631717657627953066e-02,1.835088764930299376e+00,5.342633851338263185e-03
6.200000000000001066e-01,1.858928041846342305e+00,1.879911105770588398e+00,2.098306392424609257e-02,1.841760233288407989e+00,1.716780855793431648e-02,1.781180094038604889e+00,7.774794780773741643e-02,1.853331684394091239e+00,5.596357452251066178e-03
6.300000000000001155e-01,1.877610579264343382e+00,1.910009163006858746e+00,3.239858374251536333e-02,1.859552407487729875e+00,1.805817177661350748e-02,1.756790743315426173e+00,1.208198359489172091e-01,1.872159440726654189e+00,5.451138537689192987e-03
6.400000000000001243e-01,1.896480879304951683e+00,1.940633315596620889e+00,4.415243629166920591e-02,1.877903801013546703e+00,1.857707829140498035e-02,1.735606747856278442e+00,1.608741314486732410e-01,1.891563641331353463e+00,4.917237973598220790e-03
6.500000000000001332e-01,1.915540829013896218e+00,1.971535739036343493e+00,5.599491002244727511e-02,1.896827922126771648e+00,1.871290688712456962e-02,1.723325265619450875e+00,1.922155633944453434e-01,1.911508245465521227e+00,4.032583548374990556e-03
6.600000000000001421e-01,1.934792334402031688e+00,2.002435965778263327e+00,6.764363137623163880e-02,1.916331691785738256e+00,1.846064261629343228e-02,1.726374591092815880e+00,2.084177433092158083e-01,1.931930965206120510e+00,2.861369195911178664e-03
6.699999999999999289e-01,1.954237320635939357e+00,2.033022018088654903e+00,7.878469745271554636e-02,1.936415005014777924e+00,1.782231562116143309e-02,1.751431591617398587e+00,2.028057290185407702e-01,1.952746599933493865e+00,1.490720702445491597e-03
6.799999999999999378e-01,1.973877732230447490e+00,2.062952235041597859e+00,8.907450281115036894e-02,1.957070363753798281e+00,1.680736847664920930e-02,1.804750066345409465e+00,1.691276658850380255e-01,1.973852264802353096e+00,2.546742809439450639e-05
6.899999999999999467e-01,1.993715533243082261e+00,2.091857877032078594e+00,9.814234378899633349e-02,1.978282594232939173e+00,1.543293901014308744e-02,1.891301998380096494e+00,1.024135348629857667e-01,1.995134339700579629e+00,1.418806457497368001e-03
6.999999999999999556e-01,2.013752707470476633e+00,2.119346596446770370e+00,1.055938889762937372e-01,2.000028662835491300e+00,1.372404463498533289e-02,2.013752707470474412e+00,2.220446049250313081e-15,2.016476821448106804e+00,2.724113977630171490e-03
7.099999999999999645e-01,2.033991258646750566e+00,2.145006868566358804e+00,1.110156099196082380e-01,2.022277605364034336e+00,1.171365328271622985e-02,2.171315450206341868e+00,1.373241915595913021e-01,2.037770615956787434e+00,3.779357310036868256e-03
7.199999999999999734e-01,2.054433210643887620e+00,2.168413482392441693e+00,1.139802717485540740e-01,2.044990585609796963e+00,9.442625034090657010e-03,2.358561168377956818e+00,3.041279577340691986e-01,2.058923168120224023e+00,4.489957476336403630e-03
7.299999999999999822e-01,2.075080607674122390e+00,2.189134196897668971e+00,1.140535892235465809e-01,2.068121100143947011e+00,6.959507530175379486e-03,2.564294549119164213e+00,4.892139414450418222e-01,2.079867706484000323e+00,4.787098809877932126e-03
7.399999999999999911e-01,2.095935514494364327e+00,2.206737674192538190e+00,1.108021596981738632e-01,2.091615347302456573e+00,4.320167191907753335e-03,2.770647444002565685e+00,6.747119295082013579e-01,2.100571290006631564e+00,4.635775512267237275e-03
7.500000000000000000e-01,2.117000016612674784e+00,2.220802807288871694e+00,1.038027906761969099e-01,2.115412779423798906e+00,1.587237188875878502e-03,2.952583319374055826e+00,8.355833027613810415e-01,2.121040799432230006e+00,4.040782819555222005e-03
7.600000000000000089e-01,2.138276220496818425e+00,2.230929566521212770e+00,9.265334602439434519e-02,2.139446858521559136e+00,1.170638024740711103e-03,3.078049055090524622e+00,9.397728345937061967e-01,2.141326030592939578e+00,3.049810096121152725e-03
7.700000000000000178e-01,2.159766253784915158e+00,2.236751495265871359e+00,7.698524148095620134e-02,2.163646036732487232e+00,3.879782947572074647e-03,3.109049003429507074e+00,9.492827496445919166e-01,2.161519135829525151e+00,1.752882044609993528e-03
7.800000000000000266e-01,2.181472265498201057e+00,2.237949992375902752e+00,5.647772687770169497e-02,2.187934984075194933e+00,6.462718576993875530e-03,3.003944979379011837e+00,8.224727138808107796e-01,2.181749835890061551e+00,2.775703918604932596e-04
7.900000000000000355e-01,2.203396426255936902e+00,2.234270525731546275e+00,3.087409947560937340e-02,2.212236087286020503e+00,8.839661030083600934e-03,2.721296841047182724e+00,5.179004147912458222e-01,2.202176098639548218e+00,1.220327616388683367e-03
8.000000000000000444e-01,2.225540928492467874e+00,2.225540928492467874e+00,0.000000000000000000e+00,2.236471244767002542e+00,1.093031627453466825e-02,2.225540928492467874e+00,0.000000000000000000e+00,2.222970358565953486e+00,2.570569926514387760e-03
8.100000000000000533e-01,2.247907986676471737e+00,2.211691937033002819e+00,3.621604964346891720e-02,2.260563983987065040e+00,1.265599731059330324e-02,1.494743976211506897e+00,7.531640104649648393e-01,2.244301831261874547e+00,3.606155414597189690e-03
8.200000000000000622e-01,2.270499837532406140e+00,2.192780137147539499e+00,7.771970038486664123e-02,2.284441929021728157e+00,1.394209148932201714e-02,5.305503220459302227e-01,1.739949515486475917e+00,2.266316048658361559e+00,4.183788874044580552e-03
8.300000000000000711e-01,2.293318740264183031e+00,2.169013492932606368e+00,1.243052473315766626e-01,2.308039647299547692e+00,1.472090703536466094e-02,-6.297623972210094623e-01,2.923081137485192382e+00,2.289113378988098635e+00,4.205361276084396138e-03
8.400000000000000799e-01,2.316366976781091935e+00,2.140779640788099680e+00,1.755873359929922550e-01,2.331301906045473604e+00,1.493492926438166890e-02,-1.899517835276525846e+00,4.215884812057617559e+00,2.312728957343125114e+00,3.638019437966821812e-03
8.500000000000000888e-01,2.339646851925991200e+00,2.108677139235008546e+00,2.309697126909826537e-01,2.354187370372945676e+00,1.454051844695447571e-02,-3.128025267400817100e+00,5.467672119326808300e+00,2.337117071874277308e+00,2.529780051713892419e-03
8.600000000000000977e-01,2.363160693705795179e+00,2.073549873723704362e+00,2.896108199820908169e-01,2.376672776478227611e+00,1.351208277243243217e-02,-4.086624109562956519e+00,6.449784803268752142e+00,2.362143530883023868e+00,1.017162822771311426e-03
8.700000000000001066e-01,2.386910853524276899e+00,2.036524824308100001e+00,3.503860292161768974e-01,2.398757614932827131e+00,1.184676140855023263e-02,-4.457793608133492569e+00,6.844704461657769912e+00,2.387589743539942244e+00,6.788900156653454587e-04
8.800000000000001155e-01,2.410899706417210187e+00,1.999053412989481915e+00,4.118462934277282717e-01,2.420469360653247470e+00,9.569654236037283823e-03,-3.830935352904651481e+00,6.241835059321861223e+00,2.413172001578084203e+00,2.272295160874016062e-03
8.900000000000001243e-01,2.435129651289874797e+00,1.962956656692221191e+00,4.721729945976536058e-01,2.441869287752258089e+00,6.739636462383291615e-03,-1.710024920448790287e+00,4.145154571738665084e+00,2.438578514027379018e+00,3.448862737504221343e-03
9.000000000000001332e-01,2.459603111156949851e+00,1.930474361224761903e+00,5.291287499321879473e-01,2.463058909143000186e+00,3.455797986050335169e-03,2.459603111156949851e+00,0.000000000000000000e+00,2.463524815780390398e+00,3.921704623440547266e-03
9.100000000000001421e-01,2.484322533384816900e+00,1.904318601205735151e+00,5.800039321790817493e-01,2.484187082476808417e+00,1.354509080084831396e-04,9.235414109810188066e+00,6.751091576425371166e+00,2.487824854203600111e+00,3.502320818783211109e-03
9.199999999999999289e-01,2.509290389936297494e+00,1.887731740799786673e+00,6.215586491365108213e-01,2.505457825748336642e+00,3.832564187960851854e-03,1.907947279407650498e+01,1.657018240414020838e+01,2.511469867299252812e+00,2.179477362955317687e-03
9.299999999999999378e-01,2.534509177617854547e+00,1.884549260213155941e+00,6.499599174046986061e-01,2.527138887697822245e+00,7.370289920032302433e-03,3.220032055674870719e+01,2.966581137913085087e+01,2.534699494963031263e+00,1.903173451767159463e-04
9.399999999999999467e-01,2.559981418329271285e+00,1.899267663248132454e+00,6.607137550811388316e-01,2.549571119980556411e+00,1.041029834871487481e-02,4.831204775641242577e+01,4.575206633808315360e+01,2.558038664787940064e+00,1.942753541331221356e-03
9.499999999999999556e-01,2.585709659315845954e+00,1.937117751810947475e+00,6.485919075048984794e-01,2.573178699958484472e+00,1.253095935736148192e-02,6.628108167088871028e+01,6.369537201157286432e+01,2.582258754465679207e+00,3.450904850166747195e-03
9.599999999999999645e-01,2.611696473423117837e+00,2.004143564111921627e+00,6.075529093111962098e-01,2.598480254898662078e+00,1.321621852445575840e-02,8.362308811286565913e+01,8.101139163944253596e+01,2.608201250791054360e+00,3.495222632063477164e-03
9.699999999999999734e-01,2.637944459354152560e+00,2.107287284392921123e+00,5.306571749612314370e-01,2.626100940338671919e+00,1.184351901548064134e-02,9.580244447153336296e+01,9.316450001217920374e+01,2.636375273438897437e+00,1.569185915255122410e-03
9.799999999999999822e-01,2.664456241929416880e+00,2.254480443367676390e+00,4.099757985617404898e-01,2.656785527400438163e+00,7.670714528978717084e-03,9.527464660127687068e+01,9.261019035934745602e+01,2.666205323345453237e+00,1.749081416036357695e-03
9.899999999999999911e-01,2.691234472349262052e+00,2.454741740168315367e+00,2.364927321809466854e-01,2.691412555901790515e+00,1.780835525284629739e-04,7.019737142347160841e+01,6.750613695112234325e+01,2.694760564074168752e+00,3.526091724906699199e-03
1.000000000000000000e+00,2.718281828459045091e+00,2.718281828459045091e+00,0.000000000000000000e+00,2.731009612229939876e+00,1.272778377089478496e-02,2.718281828459045091e+00,0.000000000000000000e+00,2.714739618090656226e+00,3.542210368388865049e-03
